symbol,name,exchange
AW.UN,A&W Revenue Royalties Income Fund,TSX
FAP,Aberdeen Asia-Pacific Income Investment Company Limited,TSX
AAB,Aberdeen International Inc.,TSX
ABT,Absolute Software Corporation,TSX
ADN,Acadian Timber Corp.,TSX
AEF,Acasta Enterprises Inc.,TSX
AEF.WT,Acasta Enterprises Inc.,TSX
ACD,Accord Financial Corp.,TSX
ASP,Acerus Pharmaceuticals Corporation,TSX
DRX,ADF Group Inc.,TSX
AAV,Advantage Oil & Gas Ltd.,TSX
AHY.UN,Advantaged Canadian High Yield Bond Fund,TSX
ARE,Aecon Group Inc.,TSX
ARE.DB.B,Aecon Group Inc.,TSX
AEZS,AEterna Zentaris Inc.,TSX
AOI,Africa Oil Corp.,TSX
AFN,Ag Growth International Inc.,TSX
AFN.DB.B,Ag Growth International Inc.,TSX
AFN.DB.C,Ag Growth International Inc.,TSX
AFN.DB.D,Ag Growth International Inc.,TSX
AFN.DB.E,Ag Growth International Inc.,TSX
ACR.UN,Agellan Commercial Real Estate Investment Trust,TSX
AGF.B,AGF Management Limited,TSX
QCD,AGFiQ Enhanced Core Canadian Equity ETF,TSX
QEM,AGFiQ Enhanced Core Emerging Markets Equity ETF,TSX
QIE,AGFiQ Enhanced Core International Equity ETF,TSX
QUS,AGFiQ Enhanced Core US Equity ETF,TSX
QGL,AGFiQ Global Equity Rotation ETF,TSX
QMA,AGFiQ MultiAsset Allocation ETF,TSX
QMY,AGFiQ MultiAsset Income Allocation ETF,TSX
AJX,AgJunction Inc.,TSX
AEM,Agnico Eagle Mines Limited,TSX
AGT,AGT Food and Ingredients Inc.,TSX
AGT.PR.A,AGT Food and Ingredients Inc.,TSX
AIM,Aimia Inc.,TSX
AIM.PR.A,Aimia Inc.,TSX
AIM.PR.B,Aimia Inc.,TSX
AIM.PR.C,Aimia Inc.,TSX
AC,Air Canada,TSX
BOS,AirBoss of America Corp.,TSX
AKT.A,Akita Drilling Ltd.,TSX
AKT.B,Akita Drilling Ltd.,TSX
AKU.U,Akumin Inc.,TSX
ASR,Alacer Gold Corp.,TSX
AGI,Alamos Gold Inc.,TSX
AGI.WT,Alamos Gold Inc.,TSX
AGI.WT.A,Alamos Gold Inc.,TSX
AD,Alaris Royalty Corp.,TSX
IRON,Alderon Iron Ore Corp.,TSX
AXR,Alexco Resource Corp.,TSX
ALC,Algoma Central Corporation,TSX
ALC.DB.A,Algoma Central Corporation,TSX
AQN,Algonquin Power & Utilities Corp.,TSX
AQN.PR.A,Algonquin Power & Utilities Corp.,TSX
AQN.PR.D,Algonquin Power & Utilities Corp.,TSX
AQY.A,Alignvest Acquisition II Corporation,TSX
AQY.WT,Alignvest Acquisition II Corporation,TSX
ATD.A,Alimentation Couche-Tard Inc.,TSX
ATD.B,Alimentation Couche-Tard Inc.,TSX
ALO,Alio Gold Inc.,TSX
ALO.WT,Alio Gold Inc.,TSX
ALO.WT.A,Alio Gold Inc.,TSX
ABK.A,Allbanc Split Corp.,TSX
ABK.PR.C,Allbanc Split Corp.,TSX
ALB,Allbanc Split Corp. II,TSX
ALB.PR.C,Allbanc Split Corp. II,TSX
AP.UN,Allied Properties Real Estate Investment Trust,TSX
AMM,Almaden Minerals Ltd.,TSX
ALA,AltaGas Ltd.,TSX
ALA.PR.A,AltaGas Ltd.,TSX
ALA.PR.B,AltaGas Ltd.,TSX
ALA.PR.E,AltaGas Ltd.,TSX
ALA.PR.G,AltaGas Ltd.,TSX
ALA.PR.I,AltaGas Ltd.,TSX
ALA.PR.K,AltaGas Ltd.,TSX
ALA.PR.U,AltaGas Ltd.,TSX
ALA.R,AltaGas Ltd.,TSX
ALS,Altius Minerals Corporation,TSX
ALS.PR.A,Altius Minerals Corporation,TSX
AIF,Altus Group Limited,TSX
ACZ.UN,American Core Sectors Dividend Fund,TSX
HOT.DB.U,American Hotel Income Properties REIT LP,TSX
HOT.U,American Hotel Income Properties REIT LP,TSX
HOT.UN,American Hotel Income Properties REIT LP,TSX
USA,Americas Silver Corporation,TSX
ARG,Amerigo Resources Ltd.,TSX
ANX,Anaconda Mining Inc.,TSX
ADW.A,Andrew Peller Limited/Andrew Peller Limitee,TSX
ADW.B,Andrew Peller Limited/Andrew Peller Limitee,TSX
APY,Anglo Pacific Group PLC,TSX
APH,Aphria Inc.,TSX
APS,Aptose Biosciences Inc.,TSX
AQA,Aquila Resources Inc.,TSX
ARZ,Aralez Pharmaceuticals Inc.,TSX
ARX,ARC Resources Ltd.,TSX
RGX,Argex Titanium Inc.,TSX
AR,Argonaut Gold Inc.,TSX
ATZ,Aritzia Inc.,TSX
AZ,Arizona Mining Inc.,TSX
AX.PR.A,Artis Real Estate Investment Trust,TSX
AX.PR.E,Artis Real Estate Investment Trust,TSX
AX.PR.G,Artis Real Estate Investment Trust,TSX
AX.PR.I,Artis Real Estate Investment Trust,TSX
AX.PR.U,Artis Real Estate Investment Trust,TSX
AX.UN,Artis Real Estate Investment Trust,TSX
AKG,Asanko Gold Inc.,TSX
ASND,Ascendant Resources Inc.,TSX
ASND.WT,Ascendant Resources Inc.,TSX
AYM,Atalaya Mining plc,TSX
ACO.X,ATCO Ltd.,TSX
ACO.Y,ATCO Ltd.,TSX
ATH,Athabasca Oil Corporation,TSX
ATP,Atlantic Power Corporation,TSX
ATP.DB.D,Atlantic Power Corporation,TSX
ATP.DB.E,Atlantic Power Corporation,TSX
ATP.DB.U,Atlantic Power Corporation,TSX
AZP.PR.A,Atlantic Power Preferred Equity Ltd.,TSX
AZP.PR.B,Atlantic Power Preferred Equity Ltd.,TSX
AZP.PR.C,Atlantic Power Preferred Equity Ltd.,TSX
ATL,Atlatsa Resources Corporation,TSX
AI,Atrium Mortgage Investment Corporation,TSX
AI.DB,Atrium Mortgage Investment Corporation,TSX
AI.DB.A,Atrium Mortgage Investment Corporation,TSX
AI.DB.B,Atrium Mortgage Investment Corporation,TSX
AI.DB.C,Atrium Mortgage Investment Corporation,TSX
ATA,ATS Automation Tooling Systems Inc.,TSX
ORA,Aura Minerals Inc.,TSX
AUP,Aurinia Pharmaceuticals Inc.,TSX
ACB,Aurora Cannabis Inc.,TSX
ACB.WT,Aurora Cannabis Inc.,TSX
AUG,Auryn Resources Inc.,TSX
AUI.UN,Australian Banc Income Fund,TSX
HRR.UN,Australian REIT Income Fund,TSX
ACQ,AutoCanada Inc.,TSX
APR.UN,Automotive Properties Real Estate Investment Trust,TSX
AVL,Avalon Advanced Materials Inc.,TSX
AVP,Avcorp Industries Inc.,TSX
ASO,Avesoro Resources Inc.,TSX
AVO,Avigilon Corporation,TSX
ASM,Avino Silver & Gold Mines Ltd.,TSX
ASM.WT,Avino Silver & Gold Mines Ltd.,TSX
AZZ,Azarga Uranium Corp.,TSX
ABX,Barrick Gold Corporation,TSX
ADC.UN,First Asset Canadian Convertibles Fund,TSX
AUMN,Golden Minerals Company,TSX
AAR.UN,Pure Industrial Real Estate Trust,TSX
AV.UN,Redwood Advantage Monthly Income Fund,TSX
AOG.UN,Redwood Energy Income Fund,TSX
BTO,B2Gold Corp.,TSX
BAD,Badger Daylighting Ltd.,TSX
BLDP,Ballard Power Systems Inc.,TSX
BAR,Balmoral Resources Ltd.,TSX
BMO,Bank of Montreal,TSX
BMO.PR.A,Bank of Montreal,TSX
BMO.PR.B,Bank of Montreal,TSX
BMO.PR.C,Bank of Montreal,TSX
BMO.PR.D,Bank of Montreal,TSX
BMO.PR.M,Bank of Montreal,TSX
BMO.PR.Q,Bank of Montreal,TSX
BMO.PR.R,Bank of Montreal,TSX
BMO.PR.S,Bank of Montreal,TSX
BMO.PR.T,Bank of Montreal,TSX
BMO.PR.W,Bank of Montreal,TSX
BMO.PR.Y,Bank of Montreal,TSX
BMO.PR.Z,Bank of Montreal,TSX
BNS,Bank of Nova Scotia (The),TSX
BNS.PR.A,Bank of Nova Scotia (The),TSX
BNS.PR.B,Bank of Nova Scotia (The),TSX
BNS.PR.C,Bank of Nova Scotia (The),TSX
BNS.PR.D,Bank of Nova Scotia (The),TSX
BNS.PR.E,Bank of Nova Scotia (The),TSX
BNS.PR.F,Bank of Nova Scotia (The),TSX
BNS.PR.G,Bank of Nova Scotia (The),TSX
BNS.PR.H,Bank of Nova Scotia (The),TSX
BNS.PR.P,Bank of Nova Scotia (The),TSX
BNS.PR.Q,Bank of Nova Scotia (The),TSX
BNS.PR.R,Bank of Nova Scotia (The),TSX
BNS.PR.Y,Bank of Nova Scotia (The),TSX
BNS.PR.Z,Bank of Nova Scotia (The),TSX
BXS.DB.C,Barclays Bank PLC Fixed Income Notes,TSX
BYL,Baylin Technologies Inc.,TSX
BTE,Baytex Energy Corp.,TSX
BCE,BCE Inc.,TSX
BCE.PR.A,BCE Inc.,TSX
BCE.PR.B,BCE Inc.,TSX
BCE.PR.C,BCE Inc.,TSX
BCE.PR.D,BCE Inc.,TSX
BCE.PR.E,BCE Inc.,TSX
BCE.PR.F,BCE Inc.,TSX
BCE.PR.G,BCE Inc.,TSX
BCE.PR.H,BCE Inc.,TSX
BCE.PR.I,BCE Inc.,TSX
BCE.PR.J,BCE Inc.,TSX
BCE.PR.K,BCE Inc.,TSX
BCE.PR.L,BCE Inc.,TSX
BCE.PR.M,BCE Inc.,TSX
BCE.PR.N,BCE Inc.,TSX
BCE.PR.O,BCE Inc.,TSX
BCE.PR.Q,BCE Inc.,TSX
BCE.PR.R,BCE Inc.,TSX
BCE.PR.S,BCE Inc.,TSX
BCE.PR.T,BCE Inc.,TSX
BCE.PR.Y,BCE Inc.,TSX
BCE.PR.Z,BCE Inc.,TSX
BEK.B,Becker Milk Company Ltd. (The),TSX
BXE,Bellatrix Exploration Ltd.,TSX
BXE.DB,Bellatrix Exploration Ltd.,TSX
BLU,BELLUS Health Inc.,TSX
BSX,Belo Sun Mining Corp.,TSX
BNG,Bengal Energy Ltd.,TSX
HGD,BetaPro Canadian Gold Miners -2x Daily Bear ETF,TSX
HGU,BetaPro Canadian Gold Miners 2x Daily Bull ETF,TSX
HOD,BetaPro Crude Oil -2x Daily Bear ETF,TSX
HOU,BetaPro Crude Oil 2x Daily Bull ETF,TSX
HBD,BetaPro Gold Bullion -2x Daily Bear ETF,TSX
HBU,BetaPro Gold Bullion 2x Daily Bull ETF,TSX
HQD,BetaPro NASDAQ-100 -2x Daily Bear ETF,TSX
HQU,BetaPro NASDAQ-100 2x Daily Bull ETF,TSX
HND,BetaPro Natural Gas -2x Daily Bear ETF,TSX
HNU,BetaPro Natural Gas 2x Daily Bull ETF,TSX
HSD,BetaPro S&P 500 -2x Daily Bear ETF,TSX
HSU,BetaPro S&P 500 2x Daily Bull ETF,TSX
HIU,BetaPro S&P 500 Daily Inverse ETF,TSX
HVU,BetaPro S&P 500 VIX Short-Term Futures 2x Daily Bull ETF,TSX
HVI,BetaPro S&P 500 VIX Short-Term Futures Daily Inverse ETF,TSX
HUV,BetaPro S&P 500 VIX Short-Term Futures ETF,TSX
HXD,BetaPro S&P/TSX 60 -2x Daily Bear ETF,TSX
HXU,BetaPro S&P/TSX 60 2x Daily Bull ETF,TSX
HIX,BetaPro S&P/TSX 60 Daily Inverse ETF,TSX
HED,BetaPro S&P/TSX Capped Energy -2x Daily Bear ETF,TSX
HEU,BetaPro S&P/TSX Capped Energy 2x Daily Bull ETF,TSX
HFD,BetaPro S&P/TSX Capped Financials -2x Daily Bear ETF,TSX
HFU,BetaPro S&P/TSX Capped Financials 2x Daily Bull ETF,TSX
HZD,BetaPro Silver -2x Daily Bear ETF,TSX
HZU,BetaPro Silver 2x Daily Bull ETF,TSX
BIG.D,Big 8 Split Inc.,TSX
BIG.PR.D,Big 8 Split Inc.,TSX
PRM,Big Pharma Split Corp.,TSX
PRM.PR.A,Big Pharma Split Corp.,TSX
BR,Big Rock Brewery Inc.,TSX
BIOA,BioAmber Inc.,TSX
BIR,Birchcliff Energy Ltd.,TSX
BIR.PR.A,Birchcliff Energy Ltd.,TSX
BIR.PR.C,Birchcliff Energy Ltd.,TSX
BDT,Bird Construction Inc.,TSX
BDI,Black Diamond Group Limited,TSX
BKI,Black Iron Inc.,TSX
BB,BlackBerry Limited,TSX
BB.DB.V,BlackBerry Limited,TSX
PXX,BlackPearl Resources Inc.,TSX
HBLK,Blockchain Technologies ETF,TSX
BLB.UN,Bloom Select Income Fund,TSX
BUA.UN,Bloom U.S. Income & Growth Fund,TSX
RBN.UN,Blue Ribbon Income Fund,TSX
ZAG,BMO Aggregate Bond Index ETF,TSX
ZDV,BMO Canadian Dividend ETF,TSX
ZWC,BMO Canadian High Dividend Covered Call ETF,TSX
ZCH,BMO China Equity Index ETF,TSX
ZWB,BMO Covered Call Canadian Banks ETF,TSX
ZWA,BMO Covered Call Dow Jones Industrial Average Hedged to CAD ETF,TSX
ZWU,BMO Covered Call Utilities ETF,TSX
ZDB,BMO Discount Bond Index ETF,TSX
ZDJ,BMO Dow Jones Industrial Average Hedged to CAD Index ETF,TSX
ZEF,BMO Emerging Markets Bond Hedged to CAD Index ETF,TSX
ZEB,BMO Equal Weight Banks Index ETF,TSX
ZMT,BMO Equal Weight Global Base Metals Hedged to CAD Index ETF,TSX
ZGD,BMO Equal Weight Global Gold Index ETF,TSX
ZIN,BMO Equal Weight Industrials Index ETF,TSX
ZEO,BMO Equal Weight Oil & Gas Index ETF,TSX
ZRE,BMO Equal Weight REITs Index ETF,TSX
ZUB,BMO Equal Weight US Banks Hedged to CAD Index ETF,TSX
ZBK,BMO Equal Weight US Banks Index ETF,TSX
ZUH,BMO Equal Weight US Health Care Hedged to CAD Index ETF,TSX
ZUT,BMO Equal Weight Utilities Index ETF,TSX
ZWE,BMO Europe High Dividend Covered Call Hedged to CAD ETF,TSX
ZFH,BMO Floating Rate High Yield ETF,TSX
BANK,BMO Global Banks Hedged to CAD Index ETF,TSX
DISC,BMO Global Consumer Discretionary Hedged to CAD Index ETF,TSX
STPL,BMO Global Consumer Staples Hedged to CAD Index ETF,TSX
ZGI,BMO Global Infrastructure Index ETF,TSX
INSR,BMO Global Insurance Hedged to CAD Index ETF,TSX
ZHY,BMO High Yield US Corporate Bond Hedged to CAD Index ETF,TSX
ZJK,BMO High Yield US Corporate Bond Index ETF,TSX
ZID,BMO India Equity Index ETF,TSX
ZDI,BMO International Dividend ETF,TSX
ZDH,BMO International Dividend Hedged to CAD ETF,TSX
ZJN,BMO Junior Gas Index ETF,TSX
ZJG,BMO Junior Gold Index ETF,TSX
ZJO,BMO Junior Oil Index ETF,TSX
ZPR,BMO Laddered Preferred Share Index ETF,TSX
ZLC,BMO Long Corporate Bond Index ETF,TSX
ZFL,BMO Long Federal Bond Index ETF,TSX
ZPL,BMO Long Provincial Bond Index ETF,TSX
ZLB,BMO Low Volatility Canadian Equity ETF,TSX
ZLE,BMO Low Volatility Emerging Markets Equity ETF,TSX
ZLI,BMO Low Volatility International Equity ETF,TSX
ZLD,BMO Low Volatility International Equity Hedged to CAD ETF,TSX
ZLU,BMO Low Volatility US Equity ETF,TSX
ZLU.U,BMO Low Volatility US Equity ETF,TSX
ZLH,BMO Low Volatility US Equity Hedged to CAD ETF,TSX
ZCM,BMO Mid Corporate Bond Index ETF,TSX
ZFM,BMO Mid Federal Bond Index ETF,TSX
ZMP,BMO Mid Provincial Bond Index ETF,TSX
ZMU,BMO Mid-Term US IG Corporate Bond Hedged to CAD Index ETF,TSX
ZIC,BMO Mid-Term US IG Corporate Bond Index ETF,TSX
ZIC.U,BMO Mid-Term US IG Corporate Bond Index ETF,TSX
ZMI,BMO Monthly Income ETF,TSX
ZGQ,BMO MSCI All Country World High Quality Index ETF,TSX
ZVC,BMO MSCI Canada Value Index ETF,TSX
ZDM,BMO MSCI EAFE Hedged to CAD Index ETF,TSX
ZEA,BMO MSCI EAFE Index ETF,TSX
ZVI,BMO MSCI EAFE Value Index ETF,TSX
ZEM,BMO MSCI Emerging Markets Index ETF,TSX
ZEQ,BMO MSCI Europe High Quality Hedged to CAD Index ETF,TSX
ZUQ,BMO MSCI USA High Quality Index ETF,TSX
ZVU,BMO MSCI USA Value Index ETF,TSX
ZQQ,BMO Nasdaq 100 Equity Hedged To CAD Index ETF,TSX
ZRR,BMO Real Return Bond Index ETF,TSX
ZUE,BMO S&P 500 Hedged to CAD Index ETF,TSX
ZSP,BMO S&P 500 Index ETF,TSX
ZSP.U,BMO S&P 500 Index ETF,TSX
ZCN,BMO S&P/TSX Capped Composite Index ETF,TSX
ZEUS,BMO Shiller Select US Index ETF,TSX
ZCS,BMO Short Corporate Bond Index ETF,TSX
ZCS.L,BMO Short Corporate Bond Index ETF,TSX
ZFS,BMO Short Federal Bond Index ETF,TSX
ZFS.L,BMO Short Federal Bond Index ETF,TSX
ZPS,BMO Short Provincial Bond Index ETF,TSX
ZPS.L,BMO Short Provincial Bond Index ETF,TSX
ZSU,BMO Short-Term US IG Corporate Bond Hedged to CAD Index ETF,TSX
ZST,BMO Ultra Short-Term Bond ETF,TSX
ZST.L,BMO Ultra Short-Term Bond ETF,TSX
ZDY,BMO US Dividend ETF,TSX
ZDY.U,BMO US Dividend ETF,TSX
ZUD,BMO US Dividend Hedged to CAD ETF,TSX
ZWH,BMO US High Dividend Covered Call ETF,TSX
ZWH.U,BMO US High Dividend Covered Call ETF,TSX
ZHP,BMO US Preferred Share Hedged to CAD Index ETF,TSX
ZUP,BMO US Preferred Share Index ETF,TSX
ZUP.U,BMO US Preferred Share Index ETF,TSX
ZPW,BMO US Put Write ETF,TSX
ZPW.U,BMO US Put Write ETF,TSX
ZPH,BMO US Put Write Hedged to CAD ETF,TSX
GBT,BMTC Group Inc.,TSX
BKX,BNK Petroleum Inc.,TSX
BSC,BNS Split Corp. II,TSX
BSC.PR.C,BNS Split Corp. II,TSX
BEI.UN,Boardwalk Real Estate Investment Trust,TSX
BBD.A,Bombardier Inc.,TSX
BBD.B,Bombardier Inc.,TSX
BBD.PR.B,Bombardier Inc.,TSX
BBD.PR.C,Bombardier Inc.,TSX
BBD.PR.D,Bombardier Inc.,TSX
BNP,Bonavista Energy Corporation,TSX
BNE,Bonterra Energy Corp.,TSX
BLX,Boralex Inc.,TSX
BLX.DB.A,Boralex Inc.,TSX
BPF.UN,Boston Pizza Royalties Income Fund,TSX
BYD.UN,Boyd Group Income Fund,TSX
BOY,"Boyuan Construction Group, Inc.",TSX
BOY.DB.A,"Boyuan Construction Group, Inc.",TSX
BBL.A,Brampton Brick Limited,TSX
HBL.UN,Brand Leaders Income Fund,TSX
HBF,Brand Leaders Plus Income ETF,TSX
HBF.U,Brand Leaders Plus Income ETF,TSX
BRY,Bri-Chem Corp.,TSX
BRB,Brick Brewing Co. Limited,TSX
BRIO,Brio Gold Inc.,TSX
LCS,Brompton Lifeco Split Corp.,TSX
LCS.PR.A,Brompton Lifeco Split Corp.,TSX
OSP,Brompton Oil Split Corp.,TSX
OSP.PR.A,Brompton Oil Split Corp.,TSX
SBC,Brompton Split Banc Corp.,TSX
SBC.PR.A,Brompton Split Banc Corp.,TSX
BAM.A,Brookfield Asset Management Inc.,TSX
BAM.PF.A,Brookfield Asset Management Inc.,TSX
BAM.PF.B,Brookfield Asset Management Inc.,TSX
BAM.PF.C,Brookfield Asset Management Inc.,TSX
BAM.PF.D,Brookfield Asset Management Inc.,TSX
BAM.PF.E,Brookfield Asset Management Inc.,TSX
BAM.PF.F,Brookfield Asset Management Inc.,TSX
BAM.PF.G,Brookfield Asset Management Inc.,TSX
BAM.PF.H,Brookfield Asset Management Inc.,TSX
BAM.PF.I,Brookfield Asset Management Inc.,TSX
BAM.PF.J,Brookfield Asset Management Inc.,TSX
BAM.PR.B,Brookfield Asset Management Inc.,TSX
BAM.PR.C,Brookfield Asset Management Inc.,TSX
BAM.PR.E,Brookfield Asset Management Inc.,TSX
BAM.PR.G,Brookfield Asset Management Inc.,TSX
BAM.PR.K,Brookfield Asset Management Inc.,TSX
BAM.PR.M,Brookfield Asset Management Inc.,TSX
BAM.PR.N,Brookfield Asset Management Inc.,TSX
BAM.PR.R,Brookfield Asset Management Inc.,TSX
BAM.PR.S,Brookfield Asset Management Inc.,TSX
BAM.PR.T,Brookfield Asset Management Inc.,TSX
BAM.PR.X,Brookfield Asset Management Inc.,TSX
BAM.PR.Z,Brookfield Asset Management Inc.,TSX
BBU.UN,Brookfield Business Partners L.P.,TSX
BGI.UN,Brookfield Global Infrastructure Securities Income Fund,TSX
BIP.PR.A,Brookfield Infrastructure Partners L.P.,TSX
BIP.PR.B,Brookfield Infrastructure Partners L.P.,TSX
BIP.PR.C,Brookfield Infrastructure Partners L.P.,TSX
BIP.PR.D,Brookfield Infrastructure Partners L.P.,TSX
BIP.PR.E,Brookfield Infrastructure Partners L.P.,TSX
BIP.UN,Brookfield Infrastructure Partners L.P.,TSX
BPO.PR.A,Brookfield Office Properties Inc.,TSX
BPO.PR.C,Brookfield Office Properties Inc.,TSX
BPO.PR.E,Brookfield Office Properties Inc.,TSX
BPO.PR.G,Brookfield Office Properties Inc.,TSX
BPO.PR.I,Brookfield Office Properties Inc.,TSX
BPO.PR.N,Brookfield Office Properties Inc.,TSX
BPO.PR.P,Brookfield Office Properties Inc.,TSX
BPO.PR.R,Brookfield Office Properties Inc.,TSX
BPO.PR.S,Brookfield Office Properties Inc.,TSX
BPO.PR.T,Brookfield Office Properties Inc.,TSX
BPO.PR.W,Brookfield Office Properties Inc.,TSX
BPO.PR.X,Brookfield Office Properties Inc.,TSX
BPO.PR.Y,Brookfield Office Properties Inc.,TSX
BPY.UN,Brookfield Property Partners L.P.,TSX
BPS.PR.A,Brookfield Property Split Corp.,TSX
BPS.PR.B,Brookfield Property Split Corp.,TSX
BPS.PR.C,Brookfield Property Split Corp.,TSX
BPS.PR.U,Brookfield Property Split Corp.,TSX
BRE,Brookfield Real Estate Services Inc.,TSX
BEP.PR.E,Brookfield Renewable Partners L.P.,TSX
BEP.PR.G,Brookfield Renewable Partners L.P.,TSX
BEP.PR.I,Brookfield Renewable Partners L.P.,TSX
BEP.PR.K,Brookfield Renewable Partners L.P.,TSX
BEP.PR.M,Brookfield Renewable Partners L.P.,TSX
BEP.UN,Brookfield Renewable Partners L.P.,TSX
BRF.PR.A,Brookfield Renewable Power Preferred Equity Inc.,TSX
BRF.PR.B,Brookfield Renewable Power Preferred Equity Inc.,TSX
BRF.PR.C,Brookfield Renewable Power Preferred Equity Inc.,TSX
BRF.PR.E,Brookfield Renewable Power Preferred Equity Inc.,TSX
BRF.PR.F,Brookfield Renewable Power Preferred Equity Inc.,TSX
BSO.UN,Brookfield Select Opportunities Income Fund,TSX
BSE.UN,Brookfield Soundvest Equity Fund,TSX
BSD.PR.A,Brookfield Soundvest Split Trust,TSX
BSD.UN,Brookfield Soundvest Split Trust,TSX
DOO,BRP Inc.,TSX
GPS,BSM Technologies Inc.,TSX
BTB.DB.E,BTB Real Estate Investment Trust,TSX
BTB.DB.F,BTB Real Estate Investment Trust,TSX
BTB.UN,BTB Real Estate Investment Trust,TSX
BUI,Buhler Industries Inc.,TSX
BU,Burcon Nutrascience Corporation,TSX
BU.RT,Burcon Nutrascience Corporation,TSX
BK,Canadian Banc Corp.,TSX
BK.PR.A,Canadian Banc Corp.,TSX
BCB,Cott Corporation,TSX
BXF,First Asset 1-5 Year Laddered Government Strip Bond Index ETF,TSX
BCI,New Look Vision Group Inc.,TSX
BKL.C,PowerShares Senior Loan Index ETF,TSX
BKL.F,PowerShares Senior Loan Index ETF,TSX
BKL.U,PowerShares Senior Loan Index ETF,TSX
BNC,Purpose Canadian Financial Income Fund,TSX
BND,Purpose Tactical Investment Grade Bond Fund,TSX
CAE,CAE Inc.,TSX
CWL,Caldwell Partners International Inc. (The),TSX
UDA.UN,Caldwell U.S. Dividend Advantage Fund,TSX
CAL,Caledonia Mining Corporation Plc,TSX
CFW,Calfrac Well Services Ltd.,TSX
CGY,Calian Group Ltd.,TSX
CBL,Callidus Capital Corporation,TSX
CCO,Cameco Corporation,TSX
CGAC.UN,Canaccord Genuity Acquisition Corp.,TSX
CF,Canaccord Genuity Group Inc.,TSX
CF.PR.A,Canaccord Genuity Group Inc.,TSX
CF.PR.C,Canaccord Genuity Group Inc.,TSX
CNE,Canacol Energy Ltd.,TSX
GOOS,Canada Goose Holdings Inc.,TSX
CAR.UN,Canadian Apartment Properties Real Estate Investment Trust,TSX
CCI.UN,Canadian Convertibles Plus Fund,TSX
CCX,Canadian Crude Oil Index ETF,TSX
CGI,"Canadian General Investments, Limited",TSX
CGI.PR.D,"Canadian General Investments, Limited",TSX
CIQ.UN,Canadian High Income Equity Fund,TSX
CM,Canadian Imperial Bank Of Commerce,TSX
CM.PR.O,Canadian Imperial Bank Of Commerce,TSX
CM.PR.P,Canadian Imperial Bank Of Commerce,TSX
CM.PR.Q,Canadian Imperial Bank Of Commerce,TSX
CM.PR.R,Canadian Imperial Bank Of Commerce,TSX
CM.PR.S,Canadian Imperial Bank Of Commerce,TSX
LFE,Canadian Life Companies Split Corp.,TSX
LFE.PR.B,Canadian Life Companies Split Corp.,TSX
CNR,Canadian National Railway Company,TSX
GAS,Canadian Natural Gas Index ETF,TSX
CNQ,Canadian Natural Resources Limited,TSX
CP,Canadian Pacific Railway Limited,TSX
PFT.UN,Canadian Preferred Share Trust,TSX
REF.UN,Canadian Real Estate Investment Trust,TSX
RTU.UN,Canadian Resources Income Trust,TSX
CTC,"Canadian Tire Corporation, Limited",TSX
CTC.A,"Canadian Tire Corporation, Limited",TSX
UTE.UN,Canadian Utilities & Telecom Income Fund,TSX
CU,Canadian Utilities Limited,TSX
CU.PR.C,Canadian Utilities Limited,TSX
CU.PR.D,Canadian Utilities Limited,TSX
CU.PR.E,Canadian Utilities Limited,TSX
CU.PR.F,Canadian Utilities Limited,TSX
CU.PR.G,Canadian Utilities Limited,TSX
CU.PR.H,Canadian Utilities Limited,TSX
CU.PR.I,Canadian Utilities Limited,TSX
CU.X,Canadian Utilities Limited,TSX
CWB,Canadian Western Bank,TSX
CWB.PR.B,Canadian Western Bank,TSX
CWB.PR.C,Canadian Western Bank,TSX
CWF,Canadian World Fund Limited,TSX
CZN,Canadian Zinc Corporation,TSX
CCM,Canarc Resource Corp.,TSX
DNT,Candente Copper Corp.,TSX
CFP,Canfor Corporation,TSX
CFX,Canfor Pulp Products Inc.,TSX
ICE,Canlan Ice Sports Corp.,TSX
CMED,CanniMed Therapeutics Inc.,TSX
EIT.PR.A,Canoe EIT Income Fund,TSX
EIT.UN,Canoe EIT Income Fund,TSX
WEED,Canopy Growth Corporation,TSX
PBY.UN,Canso Credit Income Fund,TSX
SCW.UN,Canso Select Opportunities Fund,TSX
CWX,CanWel Building Materials Group Ltd.,TSX
CPX,Capital Power Corporation,TSX
CPX.PR.A,Capital Power Corporation,TSX
CPX.PR.C,Capital Power Corporation,TSX
CPX.PR.E,Capital Power Corporation,TSX
CPX.PR.G,Capital Power Corporation,TSX
CPX.PR.I,Capital Power Corporation,TSX
CSE.PR.A,Capstone Infrastructure Corporation,TSX
CS,Capstone Mining Corp.,TSX
CARA,Cara Operations Limited,TSX
CJ,Cardinal Energy Ltd.,TSX
CJ.DB,Cardinal Energy Ltd.,TSX
CDV,Cardinal Resources Limited,TSX
COM,Cardiome Pharma Corp.,TSX
CJT,Cargojet Inc.,TSX
CJT.A,Cargojet Inc.,TSX
CJT.DB.C,Cargojet Inc.,TSX
CUP.U,"Caribbean Utilities Company, Ltd.",TSX
CMH,Carmanah Technologies Corporation,TSX
CAS,Cascades Inc.,TSX
CET,Cathedral Energy Services Ltd.,TSX
CCL.A,CCL Industries Inc.,TSX
CCL.B,CCL Industries Inc.,TSX
CLS,Celestica Inc.,TSX
CVE,Cenovus Energy Inc.,TSX
CEE,Centamin plc,TSX
CG,Centerra Gold Inc.,TSX
CHH,Centric Health Corporation,TSX
CNT,Century Global Commodities Corporation,TSX
CQE,Cequence Energy Ltd.,TSX
CRP,Ceres Global Ag Corp.,TSX
CERV,Cervus Equipment Corporation,TSX
CEU,CES Energy Solutions Corp.,TSX
GIB.A,CGI Group Inc.,TSX
CXN,Chalice Gold Mines Limited,TSX
CIA,Champion Iron Limited,TSX
CSH.UN,Chartwell Retirement Residences,TSX
CHE.DB.B,Chemtrade Logistics Income Fund,TSX
CHE.DB.C,Chemtrade Logistics Income Fund,TSX
CHE.DB.D,Chemtrade Logistics Income Fund,TSX
CHE.UN,Chemtrade Logistics Income Fund,TSX
CHW,Chesswood Group Limited,TSX
CGG,China Gold International Resources Corp. Ltd.,TSX
CKE,Chinook Energy Inc.,TSX
CHP.UN,Choice Properties Real Estate Investment Trust,TSX
CHR,Chorus Aviation Inc.,TSX
CHR.DB,Chorus Aviation Inc.,TSX
CIX,CI Financial Corp.,TSX
MBA,CIBT Education Group Inc.,TSX
CGX,Cineplex Inc.,TSX
CGX.DB.A,Cineplex Inc.,TSX
CPH,Cipher Pharmaceuticals Inc.,TSX
CTF.UN,Citadel Income Fund,TSX
CVG,Clairvest Group Inc.,TSX
CKI,Clarke Inc.,TSX
CLQ,Clean TeQ Holdings Limited,TSX
CSM,ClearStream Energy Services Inc.,TSX
CLR,Clearwater Seafoods Incorporated,TSX
CNU,CNOOC Limited,TSX
CCS.PR.C,Co-operators General Insurance Company,TSX
CCA,Cogeco Communications Inc.,TSX
CGO,Cogeco Inc.,TSX
GCL,Colabor Group Inc.,TSX
GCL.DB.A,Colabor Group Inc.,TSX
CIGI,Colliers International Group Inc.,TSX
CGT,Columbus Gold Corp.,TSX
CUF.UN,Cominar Real Estate Investment Trust,TSX
YCM,Commerce Split Corp.,TSX
YCM.PR.A,Commerce Split Corp.,TSX
YCM.PR.B,Commerce Split Corp.,TSX
CMG,Computer Modelling Group Ltd.,TSX
CONA,Cona Resources Ltd.,TSX
CXR,Concordia International Corp.,TSX
COG,Condor Gold plc,TSX
CPI,Condor Petroleum Inc.,TSX
CFF,Conifex Timber Inc.,TSX
CSU,Constellation Software Inc.,TSX
CSU.DB,Constellation Software Inc.,TSX
CNL,Continental Gold Inc.,TSX
CMMC,Copper Mountain Mining Corporation,TSX
CSW.A,Corby Spirit and Wine Limited,TSX
CSW.B,Corby Spirit and Wine Limited,TSX
CDD.UN,Core Canadian Dividend Trust,TSX
COP,Coro Mining Corp.,TSX
CDH,Corridor Resources Inc.,TSX
CJR.B,Corus Entertainment Inc.,TSX
KOR,Corvus Gold Inc.,TSX
PATH,CounterPath Corporation,TSX
PMTS,CPI Card Group Inc.,TSX
CPG,Crescent Point Energy Corp.,TSX
CTX,Crescita Therapeutics Inc.,TSX
CTX.RT,Crescita Therapeutics Inc.,TSX
CR,Crew Energy Inc.,TSX
CRH,CRH Medical Corporation,TSX
CCZ,Critical Control Energy Services Corp.,TSX
CCZ.PR.A,Critical Control Energy Services Corp.,TSX
KWH.UN,Crius Energy Trust,TSX
CRR.DB.E,Crombie Real Estate Investment Trust,TSX
CRR.UN,Crombie Real Estate Investment Trust,TSX
CWI,Crosswinds Holdings Inc.,TSX
CRWN,Crown Capital Partners Inc.,TSX
CRT.UN,CT Real Estate Investment Trust,TSX
CIU.PR.A,CU Inc.,TSX
CIU.PR.C,CU Inc.,TSX
CXI,"Currency Exchange International, Corp.",TSX
CYB,Cymbria Corporation,TSX
CAPS,Evolve Active US Core Equity ETF,TSX
CAPS.B,Evolve Active US Core Equity ETF,TSX
CARS,Evolve Automobile Innovation Index ETF,TSX
CARS.B,Evolve Automobile Innovation Index ETF,TSX
CARS.U,Evolve Automobile Innovation Index ETF,TSX
CYBR,Evolve Cyber Security Index ETF,TSX
CYBR.B,Evolve Cyber Security Index ETF,TSX
CALL,Evolve US Banks Enhanced Yield ETF,TSX
CALL.B,Evolve US Banks Enhanced Yield ETF,TSX
CORP,Exemplar Investment Grade Fund,TSX
CXF,First Asset Canadian Convertible Bond ETF,TSX
CIC,First Asset CanBanc Income Class ETF,TSX
CED,First Asset Core Canadian Equity ETF,TSX
CSY,First Asset Core Canadian Equity Income Class ETF,TSX
CES,First Asset Core U.S. Equity ETF,TSX
CES.B,First Asset Core U.S. Equity ETF,TSX
CES.U,First Asset Core U.S. Equity ETF,TSX
CAN,Horizons Canadian Dollar Currency ETF,TSX
CBH,iShares 1-10 Year Laddered Corporate Bond Index ETF,TSX
CBH.A,iShares 1-10 Year Laddered Corporate Bond Index ETF,TSX
CLG,iShares 1-10 Year Laddered Government Bond Index ETF,TSX
CLG.A,iShares 1-10 Year Laddered Government Bond Index ETF,TSX
CBO,iShares 1-5 Year Laddered Corporate Bond Index ETF,TSX
CBO.A,iShares 1-5 Year Laddered Corporate Bond Index ETF,TSX
CLF,iShares 1-5 Year Laddered Government Bond Index ETF,TSX
CLF.A,iShares 1-5 Year Laddered Government Bond Index ETF,TSX
CBN,iShares Balanced Growth CorePortfolio Index ETF,TSX
CBN.A,iShares Balanced Growth CorePortfolio Index ETF,TSX
CBD,iShares Balanced Income CorePortfolio Index ETF,TSX
CBD.A,iShares Balanced Income CorePortfolio Index ETF,TSX
CVD,iShares Convertible Bond Index ETF,TSX
CVD.A,iShares Convertible Bond Index ETF,TSX
CEW,iShares Equal Weight Banc & Lifeco ETF,TSX
CEW.A,iShares Equal Weight Banc & Lifeco ETF,TSX
COW,iShares Global Agriculture Index ETF,TSX
COW.A,iShares Global Agriculture Index ETF,TSX
CIF,iShares Global Infrastructure Index ETF,TSX
CIF.A,iShares Global Infrastructure Index ETF,TSX
CYH,iShares Global Monthly Dividend Index ETF (CAD-Hedged),TSX
CYH.A,iShares Global Monthly Dividend Index ETF (CAD-Hedged),TSX
CGR,iShares Global Real Estate Index ETF,TSX
CGR.A,iShares Global Real Estate Index ETF,TSX
CWW,iShares Global Water Index ETF,TSX
CWW.A,iShares Global Water Index ETF,TSX
CGL,iShares Gold Bullion ETF,TSX
CGL.C,iShares Gold Bullion ETF,TSX
CMR,iShares Premium Money Market ETF,TSX
CMR.A,iShares Premium Money Market ETF,TSX
CDZ,iShares S&P/TSX Canadian Dividend Aristocrats Index ETF,TSX
CDZ.A,iShares S&P/TSX Canadian Dividend Aristocrats Index ETF,TSX
CPD,iShares S&P/TSX Canadian Preferred Share Index ETF,TSX
CPD.A,iShares S&P/TSX Canadian Preferred Share Index ETF,TSX
CSD,iShares Short Duration High Income ETF (CAD-Hedged),TSX
CSD.A,iShares Short Duration High Income ETF (CAD-Hedged),TSX
CHB,iShares U.S. High Yield Fixed Income Index ETF (CAD-Hedged),TSX
CHB.A,iShares U.S. High Yield Fixed Income Index ETF (CAD-Hedged),TSX
CUD,iShares US Dividend Growers Index ETF (CAD-Hedged),TSX
CUD.A,iShares US Dividend Growers Index ETF (CAD-Hedged),TSX
CBT.UN,June 2020 Corporate Bond Trust,TSX
CEF,Sprott Physical Gold and Silver Trust,TSX
CEF.U,Sprott Physical Gold and Silver Trust,TSX
CAGG,WisdomTree Yield Enhanced Canada Aggregate Bond Index ETF,TSX
CAGS,WisdomTree Yield Enhanced Canada Short-Term Aggregate Bond Index ETF,TSX
DBO,D-Box Technologies Inc.,TSX
DNA,Dalradian Resources Inc.,TSX
DCM,Data Communications Management Corp.,TSX
DW,DataWind Inc.,TSX
DEE,Delphi Energy Corp.,TSX
DEE.NT,Delphi Energy Corp.,TSX
DEE.WT,Delphi Energy Corp.,TSX
DML,Denison Mines Corp.,TSX
DSG,Descartes Systems Group Inc. (The),TSX
DCC,Desjardins 1-5 year Laddered Canadian Corporate Bond Index ETF,TSX
DCG,Desjardins 1-5 year Laddered Canadian Government Bond Index ETF,TSX
DFC,Desjardins Canada Multifactor-Controlled Volatility ETF,TSX
DCP,Desjardins Canadian Preferred Share Index ETF,TSX
DCS,Desjardins Canadian Short Term Bond Index ETF,TSX
DCU,Desjardins Canadian Universe Bond Index ETF,TSX
DFD,Desjardins Developed ex-USA ex-Canada Multifactor-Controlled Volatility ETF,TSX
DFE,Desjardins Emerging Markets Multifactor-Controlled Volatility ETF,TSX
DFU,Desjardins USA Multifactor-Controlled Volatility ETF,TSX
DGC,Detour Gold Corporation,TSX
DHX.A,DHX Media Ltd.,TSX
DHX.B,DHX Media Ltd.,TSX
DHX.DB,DHX Media Ltd.,TSX
DCF,Difference Capital Financial Inc.,TSX
DCF.DB,Difference Capital Financial Inc.,TSX
DRT,DIRTT Environmental Solutions Ltd.,TSX
DA.DB.A,Discovery Air Inc.,TSX
DIV,Diversified Royalty Corp.,TSX
DIV.DB,Diversified Royalty Corp.,TSX
DFN,Dividend 15 Split Corp.,TSX
DFN.PR.A,Dividend 15 Split Corp.,TSX
DF,Dividend 15 Split Corp. II,TSX
DF.PR.A,Dividend 15 Split Corp. II,TSX
DGS,Dividend Growth Split Corp.,TSX
DGS.PR.A,Dividend Growth Split Corp.,TSX
DS,Dividend Select 15 Corp.,TSX
DOL,Dollarama Inc.,TSX
UFS,Domtar Corporation,TSX
DII.A,Dorel Industries Inc.,TSX
DII.B,Dorel Industries Inc.,TSX
DII.DB.U,Dorel Industries Inc.,TSX
DSL.UN,DoubleLine Income Solutions Trust,TSX
DRG.UN,Dream Global Real Estate Investment Trust,TSX
DRA.UN,Dream Hard Asset Alternatives Trust,TSX
DIR.DB,Dream Industrial Real Estate Investment Trust,TSX
DIR.UN,Dream Industrial Real Estate Investment Trust,TSX
D.UN,Dream Office Real Estate Investment Trust,TSX
DRM,DREAM Unlimited Corp.,TSX
DRM.PR.A,DREAM Unlimited Corp.,TSX
DC.A,Dundee Corporation,TSX
DC.PR.B,Dundee Corporation,TSX
DC.PR.D,Dundee Corporation,TSX
DC.PR.E,Dundee Corporation,TSX
DC.WT,Dundee Corporation,TSX
DPM,Dundee Precious Metals Inc.,TSX
DXI,DXI Energy Inc.,TSX
DNG,Dynacor Gold Mines Inc.,TSX
DXC,Dynamic iShares Active Canadian Dividend ETF,TSX
DXO,Dynamic iShares Active Crossover Bond ETF,TSX
DXG,Dynamic iShares Active Global Dividend ETF,TSX
DXF,Dynamic iShares Active Global Financial Services ETF,TSX
DXP,Dynamic iShares Active Preferred Shares ETF,TSX
DXB,Dynamic iShares Active Tactical Bond ETF,TSX
DXU,Dynamic iShares Active U.S. Dividend ETF,TSX
DXZ,Dynamic iShares Active U.S. Mid-Cap ETF,TSX
DIVS,Evolve Active Canadian Preferred Share ETF,TSX
DCD.UN,First Asset Diversified Convertible Debenture Fund,TSX
DXM,First Asset Morningstar Canada Dividend Target 30 Index ETF,TSX
DLR,Horizons US Dollar Currency ETF,TSX
DLR.U,Horizons US Dollar Currency ETF,TSX
DR,Medical Facilities Corporation,TSX
DR.DB.A,Medical Facilities Corporation,TSX
DGRC,WisdomTree Canada Quality Dividend Growth Index ETF,TSX
DQI,WisdomTree International Quality Dividend Growth Variably Hedged Index ETF,TSX
DGR,WisdomTree U.S. Quality Dividend Growth Index ETF,TSX
DGR.B,WisdomTree U.S. Quality Dividend Growth Index ETF,TSX
DQD,WisdomTree U.S. Quality Dividend Growth Variably Hedged Index ETF,TSX
ELF,E-L Financial Corporation Limited,TSX
ELF.PR.F,E-L Financial Corporation Limited,TSX
ELF.PR.G,E-L Financial Corporation Limited,TSX
ELF.PR.H,E-L Financial Corporation Limited,TSX
EGL,Eagle Energy Inc.,TSX
ECF.UN,East Coast Investment Grade Income Fund,TSX
ELR,Eastern Platinum Limited,TSX
ER,Eastmain Resources Inc.,TSX
EFH,Echelon Financial Holdings Inc.,TSX
ERM,Eclipse Residential Mortgage Investment Corporation,TSX
ECN,ECN Capital Corp.,TSX
ECN.PR.A,ECN Capital Corp.,TSX
ECN.PR.C,ECN Capital Corp.,TSX
ECS,eCobalt Solutions Inc.,TSX
EVT,Economic Investment Trust Limited,TSX
ECO,EcoSynthetix Inc.,TSX
ELD,Eldorado Gold Corporation,TSX
EFL,Electrovaya Inc.,TSX
EFN,Element Fleet Management Corp.,TSX
EFN.DB,Element Fleet Management Corp.,TSX
EFN.DB.A,Element Fleet Management Corp.,TSX
EFN.PR.A,Element Fleet Management Corp.,TSX
EFN.PR.C,Element Fleet Management Corp.,TSX
EFN.PR.E,Element Fleet Management Corp.,TSX
EFN.PR.G,Element Fleet Management Corp.,TSX
EFN.PR.I,Element Fleet Management Corp.,TSX
EMA,Emera Incorporated,TSX
EMA.PR.A,Emera Incorporated,TSX
EMA.PR.B,Emera Incorporated,TSX
EMA.PR.C,Emera Incorporated,TSX
EMA.PR.E,Emera Incorporated,TSX
EMA.PR.F,Emera Incorporated,TSX
EMP.A,Empire Company Limited,TSX
ENB,Enbridge Inc.,TSX
ENB.PF.A,Enbridge Inc.,TSX
ENB.PF.C,Enbridge Inc.,TSX
ENB.PF.E,Enbridge Inc.,TSX
ENB.PF.G,Enbridge Inc.,TSX
ENB.PF.I,Enbridge Inc.,TSX
ENB.PF.K,Enbridge Inc.,TSX
ENB.PF.U,Enbridge Inc.,TSX
ENB.PF.V,Enbridge Inc.,TSX
ENB.PR.A,Enbridge Inc.,TSX
ENB.PR.B,Enbridge Inc.,TSX
ENB.PR.C,Enbridge Inc.,TSX
ENB.PR.D,Enbridge Inc.,TSX
ENB.PR.F,Enbridge Inc.,TSX
ENB.PR.H,Enbridge Inc.,TSX
ENB.PR.J,Enbridge Inc.,TSX
ENB.PR.N,Enbridge Inc.,TSX
ENB.PR.P,Enbridge Inc.,TSX
ENB.PR.T,Enbridge Inc.,TSX
ENB.PR.U,Enbridge Inc.,TSX
ENB.PR.V,Enbridge Inc.,TSX
ENB.PR.Y,Enbridge Inc.,TSX
ENF,Enbridge Income Fund Holdings Inc.,TSX
ECA,Encana Corporation,TSX
EDV,Endeavour Mining Corporation,TSX
EDR,Endeavour Silver Corp.,TSX
ECI,EnerCare Inc.,TSX
EFX,Enerflex Ltd.,TSX
EFR,Energy Fuels Inc.,TSX
EFR.DB,Energy Fuels Inc.,TSX
EFR.WT,Energy Fuels Inc.,TSX
ENI.UN,Energy Income Fund,TSX
HPF,Energy Leaders Plus Income ETF,TSX
HPF.U,Energy Leaders Plus Income ETF,TSX
ERF,Enerplus Corporation,TSX
ENGH,Enghouse Systems Limited,TSX
ESI,Ensign Energy Services Inc.,TSX
E,"Enterprise Group, Inc.",TSX
ENT,ENTREC Corporation,TSX
ENT.DB,ENTREC Corporation,TSX
ETG,Entree Resources Ltd.,TSX
EPS,Epsilon Energy Ltd.,TSX
EQB,Equitable Group Inc.,TSX
EQB.PR.C,Equitable Group Inc.,TSX
ETAC,Equium Global Tactical Allocation Fund,TSX
ERD,Erdene Resource Development Corporation,TSX
ERO,Ero Copper Corp.,TSX
ESP,Espial Group Inc.,TSX
ESN,Essential Energy Services Ltd.,TSX
ETX,Etrion Corporation,TSX
ESM,Euro Sun Mining Inc.,TSX
EOX,Euromax Resources Ltd.,TSX
EBC.UN,Europe Blue-Chip Dividend & Growth Fund,TSX
EDGF.UN,European Dividend Growth Fund,TSX
EF.UN,European Focused Dividend Fund,TSX
ET,Evertz Technologies Limited,TSX
TIME,Evolve Active Short Duration Bond ETF,TSX
TIME.B,Evolve Active Short Duration Bond ETF,TSX
LIFE,Evolve Global Healthcare Enhanced Yield ETF,TSX
LIFE.B,Evolve Global Healthcare Enhanced Yield ETF,TSX
HERS,Evolve North American Gender Diversity Index ETF,TSX
HERS.B,Evolve North American Gender Diversity Index ETF,TSX
XCT,exactEarth Ltd.,TSX
EXGB,Excel Global Balanced Asset Allocation ETF,TSX
EXGG,Excel Global Growth Asset Allocation ETF,TSX
EXN,Excellon Resources Inc.,TSX
EXN.WT,Excellon Resources Inc.,TSX
EXN.WT.A,Excellon Resources Inc.,TSX
MIN,Excelsior Mining Corp.,TSX
EIF,Exchange Income Corporation,TSX
EIF.DB.F,Exchange Income Corporation,TSX
EIF.DB.G,Exchange Income Corporation,TSX
EIF.DB.H,Exchange Income Corporation,TSX
EIF.DB.I,Exchange Income Corporation,TSX
XTC,Exco Technologies Limited,TSX
EXF,EXFO Inc.,TSX
EXE,Extendicare Inc.,TSX
EXE.DB.B,Extendicare Inc.,TSX
EUR,First Trust AlphaDEX European Dividend Index ETF (CAD-Hedged),TSX
EUR.A,First Trust AlphaDEX European Dividend Index ETF (CAD-Hedged),TSX
ETP,First Trust Global Risk Managed Income Index ETF,TSX
ETP.A,First Trust Global Risk Managed Income Index ETF,TSX
ELV,PowerShares S&P Emerging Markets Low Volatility Index ETF,TSX
EDT,Spectral Medical Inc.,TSX
EML.PR.A,The Empire Life Insurance Company,TSX
EMV.B,WisdomTree Emerging Markets Dividend Index ETF,TSX
EHE,WisdomTree Europe Hedged Equity Index ETF,TSX
EHE.B,WisdomTree Europe Hedged Equity Index ETF,TSX
FGX,Faircourt Gold Income Corp.,TSX
FCS.PR.C,Faircourt Split Trust,TSX
FCS.UN,Faircourt Split Trust,TSX
FAH.U,Fairfax Africa Holdings Corporation,TSX
FFH,Fairfax Financial Holdings Limited,TSX
FFH.PR.C,Fairfax Financial Holdings Limited,TSX
FFH.PR.D,Fairfax Financial Holdings Limited,TSX
FFH.PR.E,Fairfax Financial Holdings Limited,TSX
FFH.PR.F,Fairfax Financial Holdings Limited,TSX
FFH.PR.G,Fairfax Financial Holdings Limited,TSX
FFH.PR.H,Fairfax Financial Holdings Limited,TSX
FFH.PR.I,Fairfax Financial Holdings Limited,TSX
FFH.PR.J,Fairfax Financial Holdings Limited,TSX
FFH.PR.K,Fairfax Financial Holdings Limited,TSX
FFH.PR.M,Fairfax Financial Holdings Limited,TSX
FFH.U,Fairfax Financial Holdings Limited,TSX
FIH.U,Fairfax India Holdings Corporation,TSX
FRX,Fennec Pharmaceuticals Inc.,TSX
FSZ,Fiera Capital Corporation,TSX
FSZ.DB,Fiera Capital Corporation,TSX
FTN,Financial 15 Split Corp.,TSX
FTN.PR.A,Financial 15 Split Corp.,TSX
FTT,Finning International Inc.,TSX
FTG,Firan Technology Group Corporation,TSX
FC,Firm Capital Mortgage Investment Corporation,TSX
FC.DB.B,Firm Capital Mortgage Investment Corporation,TSX
FC.DB.C,Firm Capital Mortgage Investment Corporation,TSX
FC.DB.D,Firm Capital Mortgage Investment Corporation,TSX
FC.DB.E,Firm Capital Mortgage Investment Corporation,TSX
FC.DB.F,Firm Capital Mortgage Investment Corporation,TSX
FC.DB.G,Firm Capital Mortgage Investment Corporation,TSX
FC.DB.H,Firm Capital Mortgage Investment Corporation,TSX
FDV,First Asset Active Canadian Dividend ETF,TSX
FAO,First Asset Active Credit ETF,TSX
FAO.U,First Asset Active Credit ETF,TSX
FAI,First Asset Active Utility & Infrastructure ETF,TSX
FCY,First Asset Cambridge Core U.S. Equity ETF,TSX
FCY.B,First Asset Cambridge Core U.S. Equity ETF,TSX
FCW,First Asset Cambridge Global Dividend ETF,TSX
FCW.B,First Asset Cambridge Global Dividend ETF,TSX
OXF,First Asset Can-Energy Covered Call ETF,TSX
MXF,First Asset Can-Materials Covered Call ETF,TSX
FBE,First Asset Canadian Buyback Index ETF,TSX
FDL,First Asset Canadian Dividend Low Volatility Index ETF,TSX
RIT,First Asset Canadian REIT ETF,TSX
NXF,First Asset Energy Giants Covered Call ETF,TSX
NXF.B,First Asset Energy Giants Covered Call ETF,TSX
FSB,First Asset Enhanced Short Duration Bond ETF,TSX
FSB.U,First Asset Enhanced Short Duration Bond ETF,TSX
FHB,First Asset European Bank ETF,TSX
FSF,First Asset Global Financial Sector ETF,TSX
FIG,First Asset Investment Grade Bond ETF,TSX
FIG.U,First Asset Investment Grade Bond ETF,TSX
FLB,First Asset Long Duration Fixed Income ETF,TSX
WXM,First Asset Morningstar Canada Momentum Index ETF,TSX
FXM,First Asset Morningstar Canada Value Index ETF,TSX
ZXM,First Asset Morningstar International Momentum Index ETF,TSX
ZXM.B,First Asset Morningstar International Momentum Index ETF,TSX
VXM,First Asset Morningstar International Value Index ETF,TSX
VXM.B,First Asset Morningstar International Value Index ETF,TSX
QXM,First Asset Morningstar National Bank Quebec Index ETF,TSX
UCD.UN,First Asset Morningstar U.S. Consumer Defensive Index Fund,TSX
UXM,First Asset Morningstar US Dividend Target 50 Index ETF,TSX
UXM.B,First Asset Morningstar US Dividend Target 50 Index ETF,TSX
YXM,First Asset Morningstar US Momentum Index ETF,TSX
YXM.B,First Asset Morningstar US Momentum Index ETF,TSX
XXM,First Asset Morningstar US Value Index ETF,TSX
XXM.B,First Asset Morningstar US Value Index ETF,TSX
RWC,First Asset MSCI Canada Low Risk Weighted ETF,TSX
FQC,First Asset MSCI Canada Quality Index Class ETF,TSX
RWE,First Asset MSCI Europe Low Risk Weighted ETF,TSX
RWE.B,First Asset MSCI Europe Low Risk Weighted ETF,TSX
RWX,First Asset MSCI International Low Risk Weighted ETF,TSX
RWX.B,First Asset MSCI International Low Risk Weighted ETF,TSX
RWU,First Asset MSCI USA Low Risk Weighted ETF,TSX
RWU.B,First Asset MSCI USA Low Risk Weighted ETF,TSX
RWW,First Asset MSCI World Low Risk Weighted ETF,TSX
RWW.B,First Asset MSCI World Low Risk Weighted ETF,TSX
NCD.UN,First Asset North American Convertibles Fund,TSX
FPR,First Asset Preferred Share ETF,TSX
FGB,First Asset Short Term Government Bond Index Class ETF,TSX
TXF,First Asset Tech Giants Covered Call ETF,TSX
TXF.B,First Asset Tech Giants Covered Call ETF,TSX
FLI,First Asset U.S. & Canada Lifeco Income ETF,TSX
FBU,First Asset U.S. Buyback Index ETF,TSX
FUM,First Asset U.S. Equity Multi-Factor Index ETF,TSX
FUT,First Asset U.S. Tactical Sector Allocation Index ETF,TSX
SID,First Asset U.S. TrendLeaders Index ETF,TSX
FCR,First Capital Realty Inc.,TSX
FCR.DB.J,First Capital Realty Inc.,TSX
FR,First Majestic Silver Corp.,TSX
FF,First Mining Gold Corp.,TSX
FN,First National Financial Corporation,TSX
FN.PR.A,First National Financial Corporation,TSX
FN.PR.B,First National Financial Corporation,TSX
FM,First Quantum Minerals Ltd.,TSX
FDE,First Trust AlphaDEX Emerging Market Dividend ETF (CAD-Hedged),TSX
FDE.A,First Trust AlphaDEX Emerging Market Dividend ETF (CAD-Hedged),TSX
FHD,First Trust AlphaDEX U.S. Consumer Discretionary Sector Index ETF,TSX
FHC,First Trust AlphaDEX U.S. Consumer Staples Sector Index ETF,TSX
FHC.F,First Trust AlphaDEX U.S. Consumer Staples Sector Index ETF,TSX
FHE,First Trust AlphaDEX U.S. Energy Sector Index ETF,TSX
FHF,First Trust AlphaDEX U.S. Financial Sector Index ETF,TSX
FHH,First Trust AlphaDEX U.S. Health Care Sector Index ETF,TSX
FHH.F,First Trust AlphaDEX U.S. Health Care Sector Index ETF,TSX
FHG,First Trust AlphaDEX U.S. Industrials Sector Index ETF,TSX
FHG.F,First Trust AlphaDEX U.S. Industrials Sector Index ETF,TSX
FHM,First Trust AlphaDEX U.S. Materials Sector Index ETF,TSX
FHQ,First Trust AlphaDEX U.S. Technology Sector Index ETF,TSX
FHQ.F,First Trust AlphaDEX U.S. Technology Sector Index ETF,TSX
FHU,First Trust AlphaDEX U.S. Utilities Sector Index ETF,TSX
FST,First Trust Canadian Capital Strength ETF,TSX
FST.A,First Trust Canadian Capital Strength ETF,TSX
FSR,First Trust Dorsey Wright U.S. Sector Rotation Index ETF (CAD-Hedged),TSX
FSL,First Trust Senior Loan ETF (CAD-Hedged),TSX
FSL.A,First Trust Senior Loan ETF (CAD-Hedged),TSX
FSD,First Trust Short Duration High Yield Bond ETF (CAD-Hedged),TSX
FSD.A,First Trust Short Duration High Yield Bond ETF (CAD-Hedged),TSX
FTB,First Trust Tactical Bond Index ETF,TSX
FUD,First Trust Value Line Dividend Index ETF (CAD-Hedged),TSX
FUD.A,First Trust Value Line Dividend Index ETF (CAD-Hedged),TSX
FSV,FirstService Corporation,TSX
FCU,Fission Uranium Corp.,TSX
FFI.UN,Flaherty & Crumrine Investment Grade Fixed Income Fund,TSX
FAR,Foraco International SA,TSX
FSY,Forsys Metals Corp.,TSX
FTS,Fortis Inc.,TSX
FTS.PR.F,Fortis Inc.,TSX
FTS.PR.G,Fortis Inc.,TSX
FTS.PR.H,Fortis Inc.,TSX
FTS.PR.I,Fortis Inc.,TSX
FTS.PR.J,Fortis Inc.,TSX
FTS.PR.K,Fortis Inc.,TSX
FTS.PR.M,Fortis Inc.,TSX
FGE,Fortress Global Enterprises Inc.,TSX
FGE.DB.A,Fortress Global Enterprises Inc.,TSX
FVI,Fortuna Silver Mines Inc.,TSX
FT,Fortune Minerals Limited,TSX
FNV,Franco-Nevada Corporation,TSX
FLCI,Franklin Liberty Canadian Investment Grade Corporate ETF,TSX
FLBA,Franklin Liberty Core Balanced ETF,TSX
FLRM,Franklin Liberty Risk Managed Canadian Equity ETF,TSX
FLEM,Franklin LibertyQT Emerging Markets Index ETF,TSX
FLGD,Franklin LibertyQT Global Dividend Index ETF,TSX
FLDM,Franklin LibertyQT International Equity Index ETF,TSX
FLUS,Franklin LibertyQT U.S. Equity Index ETF,TSX
FVL,Freegold Ventures Limited,TSX
FRU,Freehold Royalties Ltd.,TSX
FRII,Freshii Inc.,TSX
FEC,Frontera Energy Corporation,TSX
FOOD,Goodfood Market Corp.,TSX
FIE,iShares Canadian Financial Monthly Income ETF,TSX
FIE.A,iShares Canadian Financial Monthly Income ETF,TSX
FFN,North American Financial 15 Split Corp.,TSX
FFN.PR.A,North American Financial 15 Split Corp.,TSX
FRL.UN,Senior Secured Floating Rate Loan Fund,TSX
FTU,US Financial 15 Split Corp.,TSX
FTU.PR.B,US Financial 15 Split Corp.,TSX
GH,Gamehost Inc.,TSX
GZT,Gazit-Globe  Ltd.,TSX
GDI,GDI Integrated Facility Services Inc.,TSX
GDI.DB,GDI Integrated Facility Services Inc.,TSX
GXE,Gear Energy Ltd.,TSX
GDS,Gendis Inc.,TSX
GEN,GeneNews Limited,TSX
GMO,"General Moly, Inc.",TSX
GDC,Genesis Land Development Corp.,TSX
MIC,Genworth MI Canada Inc.,TSX
GEO,Geodrill Limited,TSX
WN,George Weston Limited,TSX
WN.PR.A,George Weston Limited,TSX
WN.PR.C,George Weston Limited,TSX
WN.PR.D,George Weston Limited,TSX
WN.PR.E,George Weston Limited,TSX
GEI,Gibson Energy Inc.,TSX
GEI.DB,Gibson Energy Inc.,TSX
GIL,Gildan Activewear Inc.,TSX
GVC,Glacier Media Inc.,TSX
GLG,GLG Life Tech Corporation,TSX
GAF.UN,Global Alpha Worldwide Growth Fund,TSX
GCS.PR.A,Global Champions Split Corp.,TSX
GDG.UN,Global Dividend Growers Income Fund,TSX
HIG.UN,Global Healthcare Income & Growth Fund,TSX
GRL,Global Real Estate Dividend Growers Corp.,TSX
HGR,Global REIT Leaders Income ETF,TSX
GRP.PR.A,Global Resource Champions Split Corp.,TSX
HGI.UN,Global Telecom & Utilities Income Fund,TSX
GWR,"Global Water Resources, Inc.",TSX
HTO.UN,Global Water Solutions Fund,TSX
GBF,Globalance Dividend Growers Corp.,TSX
GMX,Globex Mining Enterprises Inc.,TSX
GS,Gluskin Sheff + Associates Inc.,TSX
GMP,GMP Capital Inc.,TSX
GMP.PR.B,GMP Capital Inc.,TSX
GMP.PR.C,GMP Capital Inc.,TSX
GSY,goeasy Ltd.,TSX
GSY.DB,goeasy Ltd.,TSX
GGD,GoGold Resources Inc.,TSX
GGD.WT,GoGold Resources Inc.,TSX
GSV,Gold Standard Ventures Corp.,TSX
G,Goldcorp Inc.,TSX
GQM,Golden Queen Mining Co. Ltd.,TSX
GQM.RT,Golden Queen Mining Co. Ltd.,TSX
GQM.WT,Golden Queen Mining Co. Ltd.,TSX
GSC,Golden Star Resources Ltd.,TSX
GGA,Goldgroup Mining Inc.,TSX
GSB.UN,Goldman Sachs U.S. Income Builder Trust,TSX
XAU,GoldMoney Inc.,TSX
GDL,Goodfellow Inc.,TSX
GCM,Gran Colombia Gold Corp.,TSX
GCM.DB.U,Gran Colombia Gold Corp.,TSX
GCM.DB.V,Gran Colombia Gold Corp.,TSX
GCM.DB.X,Gran Colombia Gold Corp.,TSX
GCM.WT.A,Gran Colombia Gold Corp.,TSX
GTE,Gran Tierra Energy Inc.,TSX
GTX,Gran Tierra Exchangeco Inc.,TSX
GXO,Granite Oil Corp.,TSX
GRT.UN,Granite Real Estate Investment Trust,TSX
GC,Great Canadian Gaming Corporation,TSX
GPR,Great Panther Silver Limited,TSX
GWO,Great-West Lifeco Inc.,TSX
GWO.PR.F,Great-West Lifeco Inc.,TSX
GWO.PR.G,Great-West Lifeco Inc.,TSX
GWO.PR.H,Great-West Lifeco Inc.,TSX
GWO.PR.I,Great-West Lifeco Inc.,TSX
GWO.PR.L,Great-West Lifeco Inc.,TSX
GWO.PR.M,Great-West Lifeco Inc.,TSX
GWO.PR.N,Great-West Lifeco Inc.,TSX
GWO.PR.O,Great-West Lifeco Inc.,TSX
GWO.PR.P,Great-West Lifeco Inc.,TSX
GWO.PR.Q,Great-West Lifeco Inc.,TSX
GWO.PR.R,Great-West Lifeco Inc.,TSX
GWO.PR.S,Great-West Lifeco Inc.,TSX
GWO.PR.T,Great-West Lifeco Inc.,TSX
GCG,Guardian Capital Group Limited,TSX
GCG.A,Guardian Capital Group Limited,TSX
GUY,Guyana Goldfields Inc.,TSX
GCT,GVIC Communications Corp.,TSX
GCT.C,GVIC Communications Corp.,TSX
GUD,Knight Therapeutics Inc.,TSX
GOGO,U.S. Global GO GOLD and Precious Metal Miners ETF,TSX
HR.DB.D,H&R Real Estate Investment Trust,TSX
HR.UN,H&R Real Estate Investment Trust,TSX
HBG,Hamilton Capital Global Bank ETF,TSX
HBG.U,Hamilton Capital Global Bank ETF,TSX
HFY,Hamilton Capital Global Financials Yield ETF,TSX
HFY.U,Hamilton Capital Global Financials Yield ETF,TSX
HFMU.U,Hamilton Capital U.S. Mid-Cap Financials ETF (USD),TSX
HMM.A,Hammond Manufacturing Company Limited,TSX
HPS.A,Hammond Power Solutions Inc.,TSX
HE,Hanwei Energy Services Corp.,TSX
HWD,Hardwoods Distribution Inc.,TSX
HRT,Harte Gold Corp.,TSX
HRES,Harvest Global Resource Leaders ETF,TSX
HUBL,Harvest US Bank Leaders Income ETF,TSX
HUBL.U,Harvest US Bank Leaders Income ETF,TSX
HHL,Healthcare Leaders Income ETF,TSX
HHL.U,Healthcare Leaders Income ETF,TSX
MDS.UN,Healthcare Special Opportunities Fund,TSX
HSM,"Helius Medical Technologies, Inc.",TSX
HSM.WT,"Helius Medical Technologies, Inc.",TSX
HBP,Helix BioPharma Corp.,TSX
HER,Heron Resources Limited,TSX
HRX,Heroux-Devtek Inc.,TSX
HWO,High Arctic Energy Services Inc.,TSX
HLF,High Liner Foods Incorporated,TSX
HLC,Holloway Lodging Corporation,TSX
HLC.DB,Holloway Lodging Corporation,TSX
HLC.DB.A,Holloway Lodging Corporation,TSX
HCG,Home Capital Group Inc.,TSX
HNL,Horizon North Logistics Inc.,TSX
HARC,Horizons Absolute Return Global Currency ETF,TSX
MIND,Horizons Active A.I. Global Equity ETF,TSX
HAD,Horizons Active Cdn Bond ETF,TSX
HAL,Horizons Active Cdn Dividend ETF,TSX
HMP,Horizons Active Cdn Municipal Bond ETF,TSX
HAB,Horizons Active Corporate Bond ETF,TSX
HAJ,Horizons Active Emerging Markets Dividend ETF,TSX
HFR,Horizons Active Floating Rate Bond ETF,TSX
HFP,Horizons Active Floating Rate Preferred Share ETF,TSX
HSL,Horizons Active Floating Rate Senior Loan ETF,TSX
HAZ,Horizons Active Global Dividend ETF,TSX
HAF,Horizons Active Global Fixed Income ETF,TSX
HYI,Horizons Active High Yield Bond ETF,TSX
HADM,Horizons Active Intl Developed Markets Equity ETF,TSX
HPR,Horizons Active Preferred Share ETF,TSX
HAU,Horizons Active US Dividend ETF,TSX
HAU.U,Horizons Active US Dividend ETF,TSX
HUF,Horizons Active US Floating Rate Bond (USD) ETF,TSX
HUF.U,Horizons Active US Floating Rate Bond (USD) ETF,TSX
HMF,Horizons Auspice Managed Futures Index ETF,TSX
HOG,Horizons Canadian Midstream Oil & Gas Index ETF,TSX
HXH,Horizons Cdn High Dividend Index ETF,TSX
HII,Horizons Cdn Insider Index ETF,TSX
HBB,Horizons Cdn Select Universe Bond ETF,TSX
HCN,Horizons China High Dividend Yield Index ETF,TSX
HUC,Horizons Crude Oil ETF,TSX
HEE,Horizons Enhanced Income Energy ETF,TSX
HEX,Horizons Enhanced Income Equity ETF,TSX
HEF,Horizons Enhanced Income Financials ETF,TSX
HEP,Horizons Enhanced Income Gold Producers ETF,TSX
HEJ,Horizons Enhanced Income International Equity ETF,TSX
HEA,Horizons Enhanced Income US Equity (USD) ETF,TSX
HEA.U,Horizons Enhanced Income US Equity (USD) ETF,TSX
HXX,Horizons EURO STOXX 50 Index ETF,TSX
HGC,Horizons Global Currency Opportunities ETF,TSX
HRA,Horizons Global Risk Parity ETF,TSX
HUG,Horizons Gold ETF,TSX
HGY,Horizons Gold Yield ETF,TSX
INOC,Horizons Inovestor Canadian Equity Index ETF,TSX
HXDM,Horizons Intl Developed Markets Equity Index ETF,TSX
HXDM.U,Horizons Intl Developed Markets Equity Index ETF,TSX
HGM,Horizons Managed Global Opportunities ETF,TSX
HMMJ,Horizons Marijuana Life Sciences Index ETF,TSX
HMMJ.U,Horizons Marijuana Life Sciences Index ETF,TSX
HHF,Horizons Morningstar Hedge Fund Index ETF,TSX
HXQ,Horizons NASDAQ-100 Index ETF,TSX
HXQ.U,Horizons NASDAQ-100 Index ETF,TSX
HUN,Horizons Natural Gas ETF,TSX
HNY,Horizons Natural Gas Yield ETF,TSX
ROBO,Horizons Robotics and Automation Index ETF,TSX
HSH,Horizons S&P 500 CAD Hedged Index ETF,TSX
HXS,Horizons S&P 500 Index ETF,TSX
HXS.U,Horizons S&P 500 Index ETF,TSX
HEW,Horizons S&P/TSX 60 Equal Weight Index ETF,TSX
HXT,Horizons S&P/TSX 60 Index ETF,TSX
HXT.U,Horizons S&P/TSX 60 Index ETF,TSX
HXE,Horizons S&P/TSX Capped Energy Index ETF,TSX
HXF,Horizons S&P/TSX Capped Financials Index ETF,TSX
HAC,Horizons Seasonal Rotation ETF,TSX
HUZ,Horizons Silver ETF,TSX
HTH,Horizons US 7-10 Year Treasury Bond CAD Hedged ETF,TSX
HTB,Horizons US 7-10 Year Treasury Bond ETF,TSX
HTB.U,Horizons US 7-10 Year Treasury Bond ETF,TSX
HZM,Horizonte Minerals Plc.,TSX
HBM,Hudbay Minerals Inc.,TSX
HBM.WT,Hudbay Minerals Inc.,TSX
HBC,Hudson's Bay Company,TSX
HSE,Husky Energy Inc.,TSX
HSE.PR.A,Husky Energy Inc.,TSX
HSE.PR.B,Husky Energy Inc.,TSX
HSE.PR.C,Husky Energy Inc.,TSX
HSE.PR.E,Husky Energy Inc.,TSX
HSE.PR.G,Husky Energy Inc.,TSX
H,Hydro One Limited,TSX
H.IR,Hydro One Limited,TSX
HYG,Hydrogenics Corporation,TSX
HYD,Hyduke Energy Services Inc.,TSX
HLP.DB.U,Invesque Inc.,TSX
HLP.U,Invesque Inc.,TSX
HWF.UN,Middlefield Healthcare & Wellness Dividend Fund,TSX
HTA,Tech Achievers Growth & Income ETF,TSX
HTA.U,Tech Achievers Growth & Income ETF,TSX
HUL,US Equity Plus Income ETF,TSX
HUL.U,US Equity Plus Income ETF,TSX
HID,WisdomTree U.S. High Dividend Index ETF,TSX
HID.B,WisdomTree U.S. High Dividend Index ETF,TSX
IMG,IAMGOLD Corporation,TSX
IBG,IBI Group Inc.,TSX
IBG.DB.C,IBI Group Inc.,TSX
IBG.DB.D,IBI Group Inc.,TSX
IFA,iFabric Corp.,TSX
IGM,IGM Financial Inc.,TSX
IGM.PR.B,IGM Financial Inc.,TSX
IMV,Immunovaccine Inc.,TSX
III,Imperial Metals Corporation,TSX
IMO,Imperial Oil Limited,TSX
IRG,Imvescor Restaurant Group Inc.,TSX
INC.UN,Income Financial Trust,TSX
IDG,Indigo Books & Music Inc.,TSX
IAG,Industrial Alliance Insurance and Financial Services Inc.,TSX
IAG.PR.A,Industrial Alliance Insurance and Financial Services Inc.,TSX
IAG.PR.G,Industrial Alliance Insurance and Financial Services Inc.,TSX
ISV,Information Services Corporation,TSX
INE,Innergex Renewable Energy Inc.,TSX
INE.DB.A,Innergex Renewable Energy Inc.,TSX
INE.PR.A,Innergex Renewable Energy Inc.,TSX
INE.PR.C,Innergex Renewable Energy Inc.,TSX
INO.UN,Inovalis Real Estate Investment Trust,TSX
IPO,InPlay Oil Corp.,TSX
INQ,INSCAPE Corporation,TSX
IFC,Intact Financial Corporation,TSX
IFC.PR.A,Intact Financial Corporation,TSX
IFC.PR.C,Intact Financial Corporation,TSX
IFC.PR.D,Intact Financial Corporation,TSX
IFC.PR.E,Intact Financial Corporation,TSX
IFC.PR.F,Intact Financial Corporation,TSX
IAM,Integrated Asset Management Corp.,TSX
IPCI,IntelliPharmaCeutics International Inc.,TSX
IPL,Inter Pipeline Ltd.,TSX
IFP,Interfor Corporation,TSX
IMP,Intermap Technologies Corporation,TSX
IPCO,International Petroleum Corporation,TSX
ITH,International Tower Hill Mines Ltd.,TSX
IIP.UN,InterRent Real Estate Investment Trust,TSX
ITP,Intertape Polymer Group Inc.,TSX
ITC,Intrinsyc Technologies Corporation,TSX
INV,INV Metals Inc.,TSX
IFB.UN,Investment Grade Infrastructure Bond Fund,TSX
IBR,Iron Bridge Resources Inc.,TSX
XCB,iShares Canadian Corporate Bond Index ETF,TSX
XGB,iShares Canadian Government Bond Index ETF,TSX
XCG,iShares Canadian Growth Index ETF,TSX
XHB,iShares Canadian HYBrid Corporate Bond Index ETF,TSX
XRB,iShares Canadian Real Return Bond Index ETF,TSX
XDV,iShares Canadian Select Dividend Index ETF,TSX
XCV,iShares Canadian Value Index ETF,TSX
XCH,iShares China Index ETF,TSX
XSC,iShares Conservative Short Term Strategic Fixed Income ETF,TSX
XSE,iShares Conservative Strategic Fixed Income ETF,TSX
XLB,iShares Core Canadian Long Term Bond Index ETF,TSX
XSB,iShares Core Canadian Short Term Bond Index ETF,TSX
XSH,iShares Core Canadian Short Term Corporate + Maple Bond Index ETF,TSX
XBB,iShares Core Canadian Universe Bond Index ETF,TSX
XAW,iShares Core MSCI All Country World ex Canada Index ETF,TSX
XDIV,iShares Core MSCI Canadian Quality Dividend Index ETF,TSX
XEF,iShares Core MSCI EAFE IMI Index ETF,TSX
XFH,iShares Core MSCI EAFE IMI Index ETF (CAD-Hedged),TSX
XEC,iShares Core MSCI Emerging Markets IMI Index ETF,TSX
XDG,iShares Core MSCI Global Quality Dividend Index ETF,TSX
XDGH,iShares Core MSCI Global Quality Dividend Index ETF (CAD-Hedged),TSX
XDU,iShares Core MSCI US Quality Dividend Index ETF,TSX
XDUH,iShares Core MSCI US Quality Dividend Index ETF (CAD-Hedged),TSX
XUS,iShares Core S&P 500 Index ETF,TSX
XSP,iShares Core S&P 500 Index ETF (CAD-Hedged),TSX
XUU,iShares Core S&P U.S. Total Market Index ETF,TSX
XUH,iShares Core S&P U.S. Total Market Index ETF (CAD-Hedged),TSX
XIC,iShares Core S&P/TSX Capped Composite Index ETF,TSX
XTR,iShares Diversified Monthly Income ETF,TSX
XMV,iShares Edge MSCI Min Vol Canada Index ETF,TSX
XMI,iShares Edge MSCI Min Vol EAFE Index ETF,TSX
XML,iShares Edge MSCI Min Vol EAFE Index ETF (CAD-Hedged),TSX
XMM,iShares Edge MSCI Min Vol Emerging Markets Index ETF,TSX
XMW,iShares Edge MSCI Min Vol Global Index ETF,TSX
XMY,iShares Edge MSCI Min Vol Global Index ETF (CAD-Hedged),TSX
XMU,iShares Edge MSCI Min Vol USA Index ETF,TSX
XMS,iShares Edge MSCI Min Vol USA Index ETF (CAD-Hedged),TSX
XFC,iShares Edge MSCI Multifactor Canada Index ETF,TSX
XFI,iShares Edge MSCI Multifactor EAFE Index ETF,TSX
XFF,iShares Edge MSCI Multifactor EAFE Index ETF (CAD-Hedged),TSX
XFS,iShares Edge MSCI Multifactor USA Index ETF,TSX
XFA,iShares Edge MSCI Multifactor USA Index ETF (CAD-Hedged),TSX
XFR,iShares Floating Rate Index ETF,TSX
XHC,iShares Global Healthcare Index ETF (CAD-Hedged),TSX
XQB,iShares High Quality Canadian Bond Index ETF,TSX
XQB.A,iShares High Quality Canadian Bond Index ETF,TSX
XID,iShares India Index ETF,TSX
XEB,iShares J.P. Morgan USD Emerging Markets Bond Index ETF (CAD-Hedged),TSX
XEN,iShares Jantzi Social Index ETF,TSX
XIN,iShares MSCI EAFE Index ETF (CAD-Hedged),TSX
XEM,iShares MSCI Emerging Markets Index ETF,TSX
XEU,iShares MSCI Europe IMI Index ETF,TSX
XEH,iShares MSCI Europe IMI Index ETF (CAD-Hedged),TSX
XWD,iShares MSCI World Index ETF,TSX
XQQ,iShares NASDAQ 100 Index ETF (CAD-Hedged),TSX
XCD,iShares S&P Global Consumer Discretionary Index ETF (CAD-Hedged),TSX
XGI,iShares S&P Global Industrials Index ETF(CAD-Hedged),TSX
XMC,iShares S&P U.S. Mid-Cap Index ETF,TSX
XMH,iShares S&P U.S. Mid-Cap Index ETF (CAD-Hedged),TSX
XIU,iShares S&P/TSX 60 Index ETF,TSX
XST,iShares S&P/TSX Capped Consumer Staples Index ETF,TSX
XEG,iShares S&P/TSX Capped Energy Index ETF,TSX
XFN,iShares S&P/TSX Capped Financials Index ETF,TSX
XIT,iShares S&P/TSX Capped Information Technology Index ETF,TSX
XMA,iShares S&P/TSX Capped Materials Index ETF,TSX
XRE,iShares S&P/TSX Capped REIT Index ETF,TSX
XUT,iShares S&P/TSX Capped Utilities Index ETF,TSX
XMD,iShares S&P/TSX Completion Index ETF,TSX
XEI,iShares S&P/TSX Composite High Dividend Index ETF,TSX
XBM,iShares S&P/TSX Global Base Metals Index ETF,TSX
XGD,iShares S&P/TSX Global Gold Index ETF,TSX
XPF,iShares S&P/TSX North American Preferred Stock Index ETF (CAD-Hedged),TSX
XCS,iShares S&P/TSX SmallCap Index ETF,TSX
XSQ,iShares Short Term High Quality Canadian Bond Index ETF,TSX
XSI,iShares Short Term Strategic Fixed Income ETF,TSX
SVR,iShares Silver Bullion ETF,TSX
SVR.C,iShares Silver Bullion ETF,TSX
XHU,iShares U.S. High Dividend Equity Index ETF,TSX
XHD,iShares U.S. High Dividend Equity Index ETF (CAD-Hedged),TSX
XHY,iShares U.S. High Yield Bond Index ETF (CAD-Hedged),TSX
XIG,iShares U.S. IG Corporate Bond Index ETF (CAD-Hedged),TSX
XSU,iShares U.S. Small Cap Index ETF (CAD-Hedged),TSX
IVN,Ivanhoe Mines Ltd.,TSX
IGCF,PIMCO Investment Grade Credit Fund (Canada),TSX
ILV,PowerShares S&P International Developed Low Volatility Index ETF,TSX
IFL.UN,Redwood Floating Rate Bond Fund,TSX
ISL.U,Redwood Floating Rate Income Fund,TSX
ISL.UN,Redwood Floating Rate Income Fund,TSX
IDR.UN,REIT INDEXPLUS Income Fund,TSX
ITX,The Intertain Group Limited,TSX
ITX.DB,The Intertain Group Limited,TSX
IQD,WisdomTree International Quality Dividend Growth Index ETF,TSX
IQD.B,WisdomTree International Quality Dividend Growth Index ETF,TSX
JAG,Jaguar Mining Inc.,TSX
JWEL,Jamieson Wellness Inc.,TSX
PJC.A,Jean Coutu Group (PJC) Inc. (The),TSX
JFS.UN,JFT Strategies Fund,TSX
JOY,Journey Energy Inc.,TSX
JE,Just Energy Group Inc.,TSX
JE.DB.B,Just Energy Group Inc.,TSX
JE.DB.C,Just Energy Group Inc.,TSX
JE.PR.U,Just Energy Group Inc.,TSX
KBL,K-Bro Linen Inc.,TSX
KRN,Karnalyte Resources Inc.,TSX
KAT,Katanga Mining Limited,TSX
KEG.UN,Keg Royalties Income Fund (The),TSX
KLS,Kelso Technologies Inc.,TSX
KEL,Kelt Exploration Ltd.,TSX
KEL.DB,Kelt Exploration Ltd.,TSX
KER,Kerr Mines Inc.,TSX
KEW,Kew Media Group Inc.,TSX
KEW.WT,Kew Media Group Inc.,TSX
KEY,Keyera Corp.,TSX
KMP.UN,Killam Apartment Real Estate Investment Trust,TSX
KXS,Kinaxis Inc.,TSX
KML,Kinder Morgan Canada Limited,TSX
KML.PR.A,Kinder Morgan Canada Limited,TSX
KML.PR.C,Kinder Morgan Canada Limited,TSX
KFS,Kingsway Financial Services Inc.,TSX
KFS.WT.V,Kingsway Financial Services Inc.,TSX
K,Kinross Gold Corporation,TSX
KL,Kirkland Lake Gold Ltd.,TSX
KDX,Klondex Mines Ltd.,TSX
KPT,KP Tissue Inc.,TSX
LIF,Labrador Iron Ore Royalty Corporation,TSX
LRT.DB.G,Lanesborough Real Estate Investment Trust,TSX
LRT.UN,Lanesborough Real Estate Investment Trust,TSX
LAM,Laramide Resources Ltd.,TSX
LGO,Largo Resources Ltd.,TSX
LAS.A,Lassonde Industries Inc.,TSX
LB,Laurentian Bank of Canada,TSX
LB.PR.H,Laurentian Bank of Canada,TSX
LB.PR.J,Laurentian Bank of Canada,TSX
LFX,LeadFX Inc,TSX
LMC,Leagold Mining Corporation,TSX
LNF,Leon's Furniture Limited,TSX
LNF.DB,Leon's Furniture Limited,TSX
LVN,Levon Resources Ltd.,TSX
LGD,Liberty Gold Corp.,TSX
LGD.WT,Liberty Gold Corp.,TSX
LBS,Life & Banc Split Corp.,TSX
LBS.PR.A,Life & Banc Split Corp.,TSX
LNR,Linamar Corporation,TSX
LIQ,Liquor Stores N.A. Ltd.,TSX
LIQ.DB.B,Liquor Stores N.A. Ltd.,TSX
LAC,Lithium Americas Corp.,TSX
L,Loblaw Companies Limited,TSX
L.PR.B,Loblaw Companies Limited,TSX
LGQ,Logiq Asset Management Inc.,TSX
LGQ.DB.A,Logiq Asset Management Inc.,TSX
LGT.A,Logistec Corporation,TSX
LGT.B,Logistec Corporation,TSX
LN,Loncor Resources Inc.,TSX
LVU.UN,Low Volatility U.S. Equity Income Fund,TSX
LUC,Lucara Diamond Corp.,TSX
LUG,Lundin Gold Inc.,TSX
LUN,Lundin Mining Corporation,TSX
LXR,"LXRandCo, Inc.",TSX
LXR.WT,"LXRandCo, Inc.",TSX
LYD,Lydian International Limited,TSX
PR,Lysander-Slater Preferred Share ActivETF,TSX
LEAF,MedReleaf Corp.,TSX
LS.UN,Middlefield Healthcare & Life Sciences Dividend Fund,TSX
LOW.UN,Redwood Low Volatility High Income Fund,TSX
XMF.A,M Split Corp.,TSX
XMF.PR.B,M Split Corp.,TSX
XMF.PR.C,M Split Corp.,TSX
QBB,Mackenzie Canadian Aggregate Bond Index ETF,TSX
QCN,Mackenzie Canadian Equity Index ETF,TSX
QCE,Mackenzie Canadian Large Cap Equity Index ETF,TSX
MCSB,Mackenzie Canadian Short Term Fixed Income ETF,TSX
QSB,Mackenzie Canadian Short-Term Bond Index ETF,TSX
MKB,Mackenzie Core Plus Canadian Fixed Income ETF,TSX
MGB,Mackenzie Core Plus Global Fixed Income ETF,TSX
MFT,Mackenzie Floating Rate Income ETF,TSX
QDX,Mackenzie International Equity Index ETF,TSX
QDXH,Mackenzie International Equity Index ETF (CAD-Hedged),TSX
MIVG,Mackenzie Ivy Global Equity ETF,TSX
MKZ.UN,Mackenzie Master Limited Partnership,TSX
MXU,Mackenzie Maximum Diversification All World Developed ex North America Index ETF,TSX
MWD,Mackenzie Maximum Diversification All World Developed Index ETF,TSX
MKC,Mackenzie Maximum Diversification Canada Index ETF,TSX
MEU,Mackenzie Maximum Diversification Developed Europe Index ETF,TSX
MEE,Mackenzie Maximum Diversification Emerging Markets Index ETF,TSX
MUS,Mackenzie Maximum Diversification US Index ETF,TSX
MPCF,Mackenzie Portfolio Completion ETF,TSX
MUB,Mackenzie Unconstrained Bond ETF,TSX
QHY,Mackenzie US High Yield Bond Index ETF (CAD-Hedged),TSX
QUIG,Mackenzie US Investment Grade Corporate Bond Index ETF (CAD-Hedged),TSX
QUU,Mackenzie US Large Cap Equity Index ETF,TSX
QAH,Mackenzie US Large Cap Equity Index ETF (CAD-Hedged),TSX
MPC,Madison Pacific Properties Inc.,TSX
MPC.C,Madison Pacific Properties Inc.,TSX
MAG,MAG Silver Corp.,TSX
MAL,Magellan Aerospace Corporation,TSX
MG,Magna International Inc.,TSX
MEQ,Mainstreet Equity Corp.,TSX
MDI,Major Drilling Group International Inc.,TSX
MND,Mandalay Resources Corporation,TSX
MFC,Manulife Financial Corporation,TSX
MFC.PR.B,Manulife Financial Corporation,TSX
MFC.PR.C,Manulife Financial Corporation,TSX
MFC.PR.F,Manulife Financial Corporation,TSX
MFC.PR.G,Manulife Financial Corporation,TSX
MFC.PR.H,Manulife Financial Corporation,TSX
MFC.PR.I,Manulife Financial Corporation,TSX
MFC.PR.J,Manulife Financial Corporation,TSX
MFC.PR.K,Manulife Financial Corporation,TSX
MFC.PR.L,Manulife Financial Corporation,TSX
MFC.PR.M,Manulife Financial Corporation,TSX
MFC.PR.N,Manulife Financial Corporation,TSX
MFC.PR.O,Manulife Financial Corporation,TSX
MFC.PR.P,Manulife Financial Corporation,TSX
MFC.PR.R,Manulife Financial Corporation,TSX
MFR.UN,Manulife Floating Rate Senior Loan Fund,TSX
MCLC,Manulife Multifactor Canadian Large Cap Index ETF,TSX
MCSM,Manulife Multifactor Canadian SMID Cap Index ETF,TSX
MINT,Manulife Multifactor Developed International Index ETF,TSX
MINT.B,Manulife Multifactor Developed International Index ETF,TSX
MULC,Manulife Multifactor U.S. Large Cap Index ETF,TSX
MULC.B,Manulife Multifactor U.S. Large Cap Index ETF,TSX
MUMC,Manulife Multifactor U.S. Mid Cap Index ETF,TSX
MUMC.B,Manulife Multifactor U.S. Mid Cap Index ETF,TSX
MUSC,Manulife Multifactor U.S. Small Cap Index ETF,TSX
MUSC.B,Manulife Multifactor U.S. Small Cap Index ETF,TSX
MBK.UN,Manulife U.S. Regional Bank Trust,TSX
MFI,Maple Leaf Foods Inc.,TSX
MOZ,Marathon Gold Corporation,TSX
MAR,Marret Resource Corp.,TSX
MRE,Martinrea International Inc.,TSX
MNR,Mason Resources Corp.,TSX
MAW,Mawson Resources Limited,TSX
MAXR,Maxar Technologies Ltd.,TSX
MXG,Maxim Power Corp.,TSX
MBN,MBN Corporation,TSX
MKP,MCAN Mortgage Corporation,TSX
MCB,McCoy Global Inc.,TSX
MUX,McEwen Mining Inc.,TSX
MDF,Mediagrif Interactive Technologies Inc.,TSX
MDNA,Medicenna Therapeutics Corp.,TSX
MEG,MEG Energy Corp.,TSX
MGA,Mega Uranium Ltd.,TSX
MRD,Melcor Developments Ltd.,TSX
MR.DB,Melcor Real Estate Investment Trust,TSX
MR.DB.A,Melcor Real Estate Investment Trust,TSX
MR.UN,Melcor Real Estate Investment Trust,TSX
MERC.U,Mercer International Inc.,TSX
MX,Methanex Corporation,TSX
MRU,Metro Inc.,TSX
MBX,Microbix Biosystems Inc.,TSX
MAX,Midas Gold Corp.,TSX
RCO.UN,Middlefield Can-Global REIT Income Fund,TSX
MSV,Minco Silver Corporation,TSX
MID.UN,MINT Income Fund,TSX
MNW,Mitel Networks Corporation,TSX
MOGO,Mogo Finance Technology Inc.,TSX
MOGO.DB,Mogo Finance Technology Inc.,TSX
TPX.A,Molson Coors Canada Inc.,TSX
TPX.B,Molson Coors Canada Inc.,TSX
MLD.UN,Moneda LatAm Corporate Bond Fund,TSX
ME,Moneta Porcupine Mines Inc.,TSX
MRC,Morguard Corporation,TSX
MRG.DB,Morguard North American Residential Real Estate Investment Trust,TSX
MRG.UN,Morguard North American Residential Real Estate Investment Trust,TSX
MRT.DB,Morguard Real Estate Investment Trust,TSX
MRT.UN,Morguard Real Estate Investment Trust,TSX
MSI,Morneau Shepell Inc.,TSX
MSI.DB.A,Morneau Shepell Inc.,TSX
MPVD,Mountain Province Diamonds Inc.,TSX
MTY,MTY Food Group Inc.,TSX
MTL,Mullen Group Ltd.,TSX
MMP.UN,Precious Metals and Mining Trust,TSX
MQI.UN,Redwood Global Infrastructure Income Fund,TSX
MNT,Royal Canadian Mint - Canadian Gold Reserves,TSX
MNT.U,Royal Canadian Mint - Canadian Gold Reserves,TSX
MNS,Royal Canadian Mint - Canadian Silver Reserves,TSX
MNS.U,Royal Canadian Mint - Canadian Silver Reserves,TSX
NPC,NAPEC Inc.,TSX
"NA",National Bank of Canada,TSX
NA.PR.A,National Bank of Canada,TSX
NA.PR.C,National Bank of Canada,TSX
NA.PR.E,National Bank of Canada,TSX
NA.PR.S,National Bank of Canada,TSX
NA.PR.W,National Bank of Canada,TSX
NA.PR.X,National Bank of Canada,TSX
NUS,Nautilus Minerals Inc.,TSX
NGI.UN,NDX Growth & Income Fund,TSX
NMX,Nemaska Lithium Inc.,TSX
NMX.WT,Nemaska Lithium Inc.,TSX
NEO,Neo Performance Materials Inc.,TSX
NVCN,Neovasc Inc.,TSX
NEPT,Neptune Technologies & Bioressources Inc.,TSX
NLN,"NeuLion, Inc.",TSX
NCU,Nevada Copper Corp.,TSX
NSU,Nevsun Resources Ltd.,TSX
NFI,New Flyer Industries Inc.,TSX
NGD,New Gold Inc.,TSX
NML,New Millennium Iron Corp.,TSX
NAL,Newalta Corporation,TSX
NCC.A,Newfoundland Capital Corporation Limited,TSX
NCC.B,Newfoundland Capital Corporation Limited,TSX
NEW.A,Newgrowth Corp.,TSX
NEW.PR.D,Newgrowth Corp.,TSX
NEXA,Nexa Resources S.A.,TSX
NXE,NexGen Energy Ltd.,TSX
NXJ,NexJ Systems Inc.,TSX
NEXT,NextSource Materials Inc.,TSX
NGQ,NGEx Resources Inc.,TSX
NCP,Nickel Creek Platinum Corp.,TSX
NHK,Nighthawk Gold Corp.,TSX
NKO,Niko Resources Ltd.,TSX
NKO.NT,Niko Resources Ltd.,TSX
NB,NioCorp Developments Ltd.,TSX
NIF.UN,Noranda Income Fund,TSX
OSB,Norbord Inc.,TSX
NOA,North American Energy Partners Inc.,TSX
NOA.DB,North American Energy Partners Inc.,TSX
PDL,North American Palladium Ltd.,TSX
NPF.UN,North American Preferred Share Fund,TSX
NCF,Northcliff Resources Ltd.,TSX
NDM,Northern Dynasty Minerals Ltd.,TSX
NDM.WT.A,Northern Dynasty Minerals Ltd.,TSX
NDM.WT.B,Northern Dynasty Minerals Ltd.,TSX
NPS,Northern Power Systems Corp.,TSX
NPI,Northland Power Inc.,TSX
NPI.DB.B,Northland Power Inc.,TSX
NPI.DB.C,Northland Power Inc.,TSX
NPI.PR.A,Northland Power Inc.,TSX
NPI.PR.B,Northland Power Inc.,TSX
NPI.PR.C,Northland Power Inc.,TSX
NVU.DB,Northview Apartment Real Estate Investment Trust,TSX
NVU.UN,Northview Apartment Real Estate Investment Trust,TSX
NWH.DB,NorthWest Healthcare Properties Real Estate Investment Trust,TSX
NWH.DB.C,NorthWest Healthcare Properties Real Estate Investment Trust,TSX
NWH.DB.D,NorthWest Healthcare Properties Real Estate Investment Trust,TSX
NWH.DB.E,NorthWest Healthcare Properties Real Estate Investment Trust,TSX
NWH.DB.F,NorthWest Healthcare Properties Real Estate Investment Trust,TSX
NWH.UN,NorthWest Healthcare Properties Real Estate Investment Trust,TSX
NG,NovaGold Resources Inc.,TSX
NTR,Nutrien Ltd.,TSX
NVA,NuVista Energy Ltd.,TSX
NRI,Nuvo Pharmaceuticals Inc.,TSX
SFD,NXT Energy Solutions Inc.,TSX
NAF.UN,Redwood Global Financials Income Fund,TSX
NRGY.UN,Sprott Energy Opportunities Trust,TSX
NWC,The North West Company Inc.,TSX
NPK,Verde Agritech Plc,TSX
OBE,Obsidian Energy Ltd.,TSX
OGC,OceanaGold Corporation,TSX
OCS.UN,OCP Credit Strategy Fund,TSX
OSL.UN,OCP Senior Credit Fund,TSX
OSF.UN,Oil Sands Sector Fund,TSX
OLY,Olympia Financial Group Inc.,TSX
ONC,Oncolytics Biotech Inc.,TSX
ONC.WT,Oncolytics Biotech Inc.,TSX
ONEQ,ONE Global Equity ETF,TSX
ONEX,ONEX Corporation,TSX
OTEX,Open Text Corporation,TSX
OPS,Opsens Inc.,TSX
OGD,Orbit Garant Drilling Inc.,TSX
ORL,Orocobre Limited,TSX
OMI,Orosur Mining Inc.,TSX
ORV,Orvana Minerals Corp.,TSX
OXC,Oryx Petroleum Corporation Limited,TSX
OR,Osisko Gold Royalties Ltd,TSX
OR.DB,Osisko Gold Royalties Ltd,TSX
OR.WT,Osisko Gold Royalties Ltd,TSX
OR.WT.A,Osisko Gold Royalties Ltd,TSX
OSK,Osisko Mining Inc.,TSX
OSK.WT,Osisko Mining Inc.,TSX
PONY,Painted Pony Energy Ltd.,TSX
PAAS,Pan American Silver Corp.,TSX
POU,Paramount Resources Ltd.,TSX
PXT,Parex Resources Inc.,TSX
PLC,Park Lawn Corporation,TSX
PKI,Parkland Fuel Corporation,TSX
PAR.UN,Partners Real Estate Investment Trust,TSX
PVS.PR.B,Partners Value Split Corp.,TSX
PVS.PR.D,Partners Value Split Corp.,TSX
PVS.PR.E,Partners Value Split Corp.,TSX
PVS.PR.F,Partners Value Split Corp.,TSX
PSI,Pason Systems Inc.,TSX
PCD.UN,Pathfinder Income Fund,TSX
PEGI,Pattern Energy Group Inc.,TSX
PPL,Pembina Pipeline Corporation,TSX
PPL.DB.F,Pembina Pipeline Corporation,TSX
PPL.PF.A,Pembina Pipeline Corporation,TSX
PPL.PR.A,Pembina Pipeline Corporation,TSX
PPL.PR.C,Pembina Pipeline Corporation,TSX
PPL.PR.E,Pembina Pipeline Corporation,TSX
PPL.PR.G,Pembina Pipeline Corporation,TSX
PPL.PR.I,Pembina Pipeline Corporation,TSX
PPL.PR.K,Pembina Pipeline Corporation,TSX
PPL.PR.M,Pembina Pipeline Corporation,TSX
PPL.PR.O,Pembina Pipeline Corporation,TSX
PPL.PR.Q,Pembina Pipeline Corporation,TSX
PPL.PR.S,Pembina Pipeline Corporation,TSX
PGF,Pengrowth Energy Corporation,TSX
PGD,Peregrine Diamonds Ltd.,TSX
PMT,Perpetual Energy Inc.,TSX
PRU,Perseus Mining Limited,TSX
PGLC,Pershing Gold Corporation,TSX
PRQ,Petrus Resources Ltd.,TSX
PEY,Peyto Exploration & Development Corp.,TSX
PFB,PFB Corporation,TSX
PHX,PHX Energy Services Corp.,TSX
PMB.UN,Picton Mahoney Tactical Income Fund,TSX
PGI.UN,PIMCO Global Income Opportunities Fund,TSX
PMIF,PIMCO Monthly Income Fund (Canada),TSX
PNE,Pine Cliff Energy Ltd.,TSX
PRF.UN,PineBridge Investment Grade Preferred Securities Fund,TSX
PNP,Pinetree Capital Ltd.,TSX
PL,Pinnacle Renewable Holdings Inc.,TSX
PTG,"Pivot Technology Solutions, Inc.",TSX
PZA,Pizza Pizza Royalty Corp.,TSX
PTM,Platinum Group Metals Ltd.,TSX
PLZ.DB.D,Plaza Retail REIT,TSX
PLZ.UN,Plaza Retail REIT,TSX
PTS,Points International Ltd.,TSX
PIF,Polaris Infrastructure Inc.,TSX
PBL,Pollard Banknote Limited,TSX
POM,Polymet Mining Corp.,TSX
PAY,Posera Ltd.,TSX
PNC.A,Postmedia Network Canada Corp.,TSX
PNC.B,Postmedia Network Canada Corp.,TSX
PRK,Potash Ridge Corporation,TSX
POW,Power Corporation of Canada,TSX
POW.PR.A,Power Corporation of Canada,TSX
POW.PR.B,Power Corporation of Canada,TSX
POW.PR.C,Power Corporation of Canada,TSX
POW.PR.D,Power Corporation of Canada,TSX
POW.PR.E,Power Corporation of Canada,TSX
POW.PR.F,Power Corporation of Canada,TSX
POW.PR.G,Power Corporation of Canada,TSX
PWF,Power Financial Corporation,TSX
PWF.PR.A,Power Financial Corporation,TSX
PWF.PR.E,Power Financial Corporation,TSX
PWF.PR.F,Power Financial Corporation,TSX
PWF.PR.G,Power Financial Corporation,TSX
PWF.PR.H,Power Financial Corporation,TSX
PWF.PR.I,Power Financial Corporation,TSX
PWF.PR.K,Power Financial Corporation,TSX
PWF.PR.L,Power Financial Corporation,TSX
PWF.PR.O,Power Financial Corporation,TSX
PWF.PR.P,Power Financial Corporation,TSX
PWF.PR.Q,Power Financial Corporation,TSX
PWF.PR.R,Power Financial Corporation,TSX
PWF.PR.S,Power Financial Corporation,TSX
PWF.PR.T,Power Financial Corporation,TSX
PWF.PR.Z,Power Financial Corporation,TSX
PFL,PowerShares 1-3 Year Laddered Floating Rate Note Index ETF,TSX
PSB,PowerShares 1-5 Year Laddered Investment Grade Corporate Bond Index ETF,TSX
PDC,PowerShares Canadian Dividend Index ETF,TSX
PPS,PowerShares Canadian Preferred Share Index ETF,TSX
PXC,PowerShares FTSE RAFI Canadian Fundamental Index ETF,TSX
PZC,PowerShares FTSE RAFI Canadian Small-Mid Fundamental Index ETF,TSX
PZW,PowerShares FTSE RAFI Global Small-Mid Fundamental ETF,TSX
PZW.F,PowerShares FTSE RAFI Global Small-Mid Fundamental ETF,TSX
PZW.U,PowerShares FTSE RAFI Global Small-Mid Fundamental ETF,TSX
PXG,PowerShares FTSE RAFI Global+ Fundamental Index ETF,TSX
PXG.U,PowerShares FTSE RAFI Global+ Fundamental Index ETF,TSX
PXU.F,PowerShares FTSE RAFI U.S. Fundamental Index ETF,TSX
PXS,PowerShares FTSE RAFI U.S. Fundamental Index ETF II,TSX
PXS.U,PowerShares FTSE RAFI U.S. Fundamental Index ETF II,TSX
PFH.F,PowerShares Fundamental High Yield Corporate Bond Index ETF,TSX
PSY,PowerShares Global Shareholder Yield ETF,TSX
PSY.U,PowerShares Global Shareholder Yield ETF,TSX
USB,PowerShares LadderRite U.S. 0-5 Year Corporate Bond Index ETF,TSX
USB.U,PowerShares LadderRite U.S. 0-5 Year Corporate Bond Index ETF,TSX
PLV,PowerShares Low Volatility Portfolio ETF,TSX
QQC.F,PowerShares QQQ Index ETF,TSX
ULV.C,PowerShares S&P 500 Low Volatility Index ETF,TSX
ULV.F,PowerShares S&P 500 Low Volatility Index ETF,TSX
ULV.U,PowerShares S&P 500 Low Volatility Index ETF,TSX
TLV,PowerShares S&P/TSX Composite Low Volatility Index ETF,TSX
REIT,PowerShares S&P/TSX REIT Income Index ETF,TSX
PTB,PowerShares Tactical Bond ETF,TSX
PPR,Prairie Provident Resources Inc.,TSX
PPR.WT,Prairie Provident Resources Inc.,TSX
PSK,PrairieSky Royalty Ltd.,TSX
PD,Precision Drilling Corporation,TSX
PG,Premier Gold Mines Limited,TSX
PBH,Premium Brands Holdings Corporation,TSX
PBH.DB.D,Premium Brands Holdings Corporation,TSX
PBH.DB.E,Premium Brands Holdings Corporation,TSX
PBH.DB.F,Premium Brands Holdings Corporation,TSX
PIC.A,Premium Income Corporation,TSX
PIC.PR.A,Premium Income Corporation,TSX
PVG,Pretium Resources Inc.,TSX
PDV,Prime Dividend Corp.,TSX
PDV.PR.A,Prime Dividend Corp.,TSX
P,Primero Mining Corp.,TSX
P.DB.V,Primero Mining Corp.,TSX
P.WT.C,Primero Mining Corp.,TSX
PLI,Prometic Life Sciences Inc.,TSX
PMN,ProMIS Neurosciences Inc.,TSX
PCY,Prophecy Development Corp.,TSX
PSD,Pulse Seismic Inc.,TSX
PBI,Purpose Best Ideas Fund,TSX
PBI.B,Purpose Best Ideas Fund,TSX
PRP,Purpose Conservative Income Fund,TSX
PDF,Purpose Core Dividend Fund,TSX
PRA,Purpose Diversified Real Asset Fund,TSX
PHR,Purpose Duration Hedged Real Estate Fund,TSX
PDIV,Purpose Enhanced Dividend Fund,TSX
PEU,Purpose Enhanced US Equity Fund,TSX
PEU.B,Purpose Enhanced US Equity Fund,TSX
PSA,Purpose High Interest Savings ETF,TSX
PID,Purpose International Dividend Fund,TSX
PHW,Purpose International Tactical Hedged Equity Fund,TSX
PIN,Purpose Monthly Income Fund,TSX
PMM,Purpose Multi-Strategy Market Neutral Fund,TSX
PYF,Purpose Premium Yield Fund,TSX
SBND,Purpose Short Duration Tactical Bond Fund,TSX
PHE,Purpose Tactical Hedged Equity Fund,TSX
PHE.B,Purpose Tactical Hedged Equity Fund,TSX
PBD,Purpose Total Return Bond Fund,TSX
PSU.U,Purpose US Cash ETF,TSX
PUD,Purpose US Dividend Fund,TSX
PUD.B,Purpose US Dividend Fund,TSX
PME,Sentry Select Primary Metals Corp.,TSX
PHYS,Sprott Physical Gold Trust,TSX
PHYS.U,Sprott Physical Gold Trust,TSX
PSLV,Sprott Physical Silver Trust,TSX
PSLV.U,Sprott Physical Silver Trust,TSX
QTRH,Quarterhill Inc.,TSX
QBR.A,Quebecor Inc.,TSX
QBR.B,Quebecor Inc.,TSX
QEC,Questerre Energy Corporation,TSX
QSR,Restaurant Brands International Inc.,TSX
QSP.UN,Restaurant Brands International Limited Partnership,TSX
RRX,Raging River Exploration Inc.,TSX
RAV.UN,Ravensource Fund,TSX
RLB,RBC 1-5 Year Laddered Canadian Bond ETF,TSX
RBO,RBC 1-5 Year Laddered Corporate Bond ETF,TSX
RMBO,RBC 6-10 Year Laddered Canadian Corporate Bond ETF,TSX
RBDI,RBC BlueBay Global Diversified Income (CAD Hedged) ETF,TSX
RBNK,RBC Canadian Bank Yield Index ETF,TSX
RPF,RBC Canadian Preferred Share ETF,TSX
RPSB,RBC PH&N Short Term Canadian Bond ETF,TSX
RCD,RBC Quant Canadian Dividend Leaders ETF,TSX
RCE,RBC Quant Canadian Equity Leaders ETF,TSX
RIDH,RBC Quant EAFE Dividend Leaders (CAD Hedged) ETF,TSX
RID,RBC Quant EAFE Dividend Leaders ETF,TSX
RID.U,RBC Quant EAFE Dividend Leaders ETF,TSX
RIEH,RBC Quant EAFE Equity Leaders (CAD Hedged) ETF,TSX
RIE,RBC Quant EAFE Equity Leaders ETF,TSX
RIE.U,RBC Quant EAFE Equity Leaders ETF,TSX
RXD,RBC Quant Emerging Markets Dividend Leaders ETF,TSX
RXD.U,RBC Quant Emerging Markets Dividend Leaders ETF,TSX
RXE,RBC Quant Emerging Markets Equity Leaders ETF,TSX
RXE.U,RBC Quant Emerging Markets Equity Leaders ETF,TSX
RPDH,RBC Quant European Dividend Leaders (CAD Hedged) ETF,TSX
RPD,RBC Quant European Dividend Leaders ETF,TSX
RPD.U,RBC Quant European Dividend Leaders ETF,TSX
RIG,RBC Quant Global Infrastructure Leaders ETF,TSX
RIG.U,RBC Quant Global Infrastructure Leaders ETF,TSX
RGRE,RBC Quant Global Real Estate Leaders ETF,TSX
RGRE.U,RBC Quant Global Real Estate Leaders ETF,TSX
RUDH,RBC Quant U.S. Dividend Leaders (CAD Hedged) ETF,TSX
RUD,RBC Quant U.S. Dividend Leaders ETF,TSX
RUD.U,RBC Quant U.S. Dividend Leaders ETF,TSX
RUEH,RBC Quant U.S. Equity Leaders (CAD Hedged) ETF,TSX
RUE,RBC Quant U.S. Equity Leaders ETF,TSX
RUE.U,RBC Quant U.S. Equity Leaders ETF,TSX
RUSB,RBC Short Term U.S. Corporate Bond ETF,TSX
RUSB.U,RBC Short Term U.S. Corporate Bond ETF,TSX
RLD,RBC Strategic Global Dividend Leaders ETF,TSX
RLE,RBC Strategic Global Equity Leaders ETF,TSX
RQF,RBC Target 2018 Corporate Bond Index ETF,TSX
RQG,RBC Target 2019 Corporate Bond Index ETF,TSX
RQH,RBC Target 2020 Corporate Bond Index ETF,TSX
RQI,RBC Target 2021 Corporate Bond Index ETF,TSX
RQJ,RBC Target 2022 Corporate Bond Index ETF,TSX
RQK,RBC Target 2023 Corporate Bond Index ETF,TSX
RAI.UN,Real Asset Income and Growth Fund,TSX
REAL,Real Matters Inc.,TSX
R,Red Eagle Mining Corporation,TSX
R.WT,Red Eagle Mining Corporation,TSX
RDK,"Redhawk Resources, Inc.",TSX
RKN,Redknee Solutions Inc.,TSX
RDL,Redline Communications Group Inc.,TSX
VIP.UN,Redwood Monthly Income Fund,TSX
RET,Reitmans (Canada) Limited,TSX
RET.A,Reitmans (Canada) Limited,TSX
RFP,Resolute Forest Products Inc.,TSX
RVX,Resverlogix Corp.,TSX
RVX.WT,Resverlogix Corp.,TSX
RPI.UN,Richards Packaging Income Fund,TSX
RCH,Richelieu Hardware Ltd.,TSX
RIB.UN,Ridgewood Canadian Investment Grade Bond Fund,TSX
RN,Rio Novo Gold Inc.,TSX
REI.UN,RioCan Real Estate Investment Trust,TSX
RBA,Ritchie Bros. Auctioneers Incorporated,TSX
RME,Rocky Mountain Dealerships Inc.,TSX
RCI.A,Rogers Communications Inc.,TSX
RCI.B,Rogers Communications Inc.,TSX
RSI,Rogers Sugar Inc.,TSX
RSI.DB.D,Rogers Sugar Inc.,TSX
RSI.DB.E,Rogers Sugar Inc.,TSX
ROOT,Roots Corporation,TSX
ROXG,Roxgold Inc.,TSX
RY,Royal Bank of Canada,TSX
RY.PR.A,Royal Bank of Canada,TSX
RY.PR.C,Royal Bank of Canada,TSX
RY.PR.D,Royal Bank of Canada,TSX
RY.PR.E,Royal Bank of Canada,TSX
RY.PR.F,Royal Bank of Canada,TSX
RY.PR.G,Royal Bank of Canada,TSX
RY.PR.H,Royal Bank of Canada,TSX
RY.PR.I,Royal Bank of Canada,TSX
RY.PR.J,Royal Bank of Canada,TSX
RY.PR.K,Royal Bank of Canada,TSX
RY.PR.L,Royal Bank of Canada,TSX
RY.PR.M,Royal Bank of Canada,TSX
RY.PR.N,Royal Bank of Canada,TSX
RY.PR.O,Royal Bank of Canada,TSX
RY.PR.P,Royal Bank of Canada,TSX
RY.PR.Q,Royal Bank of Canada,TSX
RY.PR.R,Royal Bank of Canada,TSX
RY.PR.W,Royal Bank of Canada,TSX
RY.PR.Z,Royal Bank of Canada,TSX
RNX,Royal Nickel Corporation,TSX
RTG,RTG Mining Inc.,TSX
RMX,Rubicon Minerals Corporation,TSX
RUS,Russel Metals Inc.,TSX
RAY.A,Stingray Digital Group Inc.,TSX
RAY.B,Stingray Digital Group Inc.,TSX
RNW,TransAlta Renewables Inc.,TSX
SBN,S Split Corp.,TSX
SBN.PR.A,S Split Corp.,TSX
SBB,Sabina Gold & Silver Corp.,TSX
SSL,Sandstorm Gold Ltd.,TSX
SSL.WT,Sandstorm Gold Ltd.,TSX
SAP,Saputo Inc.,TSX
SIS,Savaria Corporation,TSX
SCY,Scandium International Mining Corp.,TSX
SIN.UN,SCITI Trust,TSX
SEA,Seabridge Gold Inc.,TSX
SCU,Second Cup Ltd. (The),TSX
SES,Secure Energy Services Inc.,TSX
SMF,Semafo Inc.,TSX
SEC,Senvest Capital Inc.,TSX
SBI,Serabi Gold plc,TSX
SEN,Serinus Energy Inc.,TSX
VII,Seven Generations Energy Ltd.,TSX
SJR.B,Shaw Communications Inc.,TSX
SJR.PR.A,Shaw Communications Inc.,TSX
SJR.PR.B,Shaw Communications Inc.,TSX
SCL,ShawCor Ltd.,TSX
S,Sherritt International Corporation,TSX
S.WT,Sherritt International Corporation,TSX
SHOP,Shopify Inc.,TSX
SGF,Shore Gold Inc.,TSX
SIA,Sienna Senior Living Inc.,TSX
SIA.DB,Sienna Senior Living Inc.,TSX
SMT,Sierra Metals Inc.,TSX
SW,"Sierra Wireless, Inc.",TSX
SBR,Silver Bear Resources plc,TSX
SVB,"Silver Bull Resources, Inc.",TSX
SBT,Silver Bullion Trust,TSX
SBT.B,Silver Bullion Trust,TSX
SBT.U,Silver Bullion Trust,TSX
SVM,Silvercorp Metals Inc.,TSX
SRV.UN,SIR Royalty Income Fund,TSX
SKG.UN,Skylon Growth & Income Trust,TSX
SOT.DB,Slate Office REIT,TSX
SOT.N,Slate Office REIT,TSX
SOT.UN,Slate Office REIT,TSX
SRT.U,Slate Retail REIT,TSX
SRT.UN,Slate Retail REIT,TSX
ZZZ,Sleep Country Canada Holdings Inc.,TSX
SRU.DB.B,SmartCentres Real Estate Investment Trust,TSX
SRU.UN,SmartCentres Real Estate Investment Trust,TSX
SNC,SNC-Lavalin Group Inc.,TSX
SOLG,SolGold plc,TSX
SLR,Solitario Zinc Corp.,TSX
SUM,Solium Capital Inc.,TSX
SHLE,Source Energy Services Ltd.,TSX
SGQ,SouthGobi Resources Ltd.,TSX
SPE,Spartan Energy Corp.,TSX
SEV,Spectra7 Microsystems Inc.,TSX
SEV.DB.A,Spectra7 Microsystems Inc.,TSX
SHC,Sphere FTSE Canada Sustainable Yield Index ETF,TSX
SHZ,Sphere FTSE Emerging Markets Sustainable Yield Index ETF,TSX
SHE,Sphere FTSE Europe Sustainable Yield Index ETF,TSX
TOY,Spin Master Corp.,TSX
SII,Sprott Inc.,TSX
SPPP,Sprott Physical Platinum and Palladium Trust,TSX
SPPP.U,Sprott Physical Platinum and Palladium Trust,TSX
SRHI,Sprott Resource Holdings Inc.,TSX
SRHI.WT,Sprott Resource Holdings Inc.,TSX
SSRM,SSR Mining Inc.,TSX
SAU,St. Augustine Gold and Copper Limited,TSX
STN,Stantec Inc.,TSX
SAM,Starcore International Mines Ltd.,TSX
STLC,Stelco Holdings Inc.,TSX
SJ,Stella-Jones Inc.,TSX
STEP,STEP Energy Services Ltd.,TSX
SRX,Storm Resources Ltd.,TSX
SWY,Stornoway Diamond Corporation,TSX
SWY.DB.U,Stornoway Diamond Corporation,TSX
SDY,Strad Energy Services Ltd.,TSX
SCB,Street Capital Group Inc.,TSX
SQP,Strongco Corporation,TSX
SOX,Stuart Olson Inc.,TSX
SOX.DB.A,Stuart Olson Inc.,TSX
STB,Student Transportation Inc.,TSX
STB.DB.A,Student Transportation Inc.,TSX
STB.DB.C,Student Transportation Inc.,TSX
SMC,Sulliden Mining Capital Inc.,TSX
SMU.UN,Summit Industrial Income REIT,TSX
SLF,Sun Life Financial Inc.,TSX
SLF.PR.A,Sun Life Financial Inc.,TSX
SLF.PR.B,Sun Life Financial Inc.,TSX
SLF.PR.C,Sun Life Financial Inc.,TSX
SLF.PR.D,Sun Life Financial Inc.,TSX
SLF.PR.E,Sun Life Financial Inc.,TSX
SLF.PR.G,Sun Life Financial Inc.,TSX
SLF.PR.H,Sun Life Financial Inc.,TSX
SLF.PR.I,Sun Life Financial Inc.,TSX
SLF.PR.J,Sun Life Financial Inc.,TSX
SLF.PR.K,Sun Life Financial Inc.,TSX
SU,Suncor Energy Inc.,TSX
SOY,"SunOpta, Inc.",TSX
SWH,Sunwah International Limited,TSX
SPB,Superior Plus Corp.,TSX
SXP,Supremex Inc.,TSX
SGY,Surge Energy Inc.,TSX
SGY.DB,Surge Energy Inc.,TSX
SSF.UN,Symphony Floating Rate Senior Loan Fund,TSX
SXI,Synex International Inc.,TSX
TSGI,The Stars Group Inc.,TSX
TAO,TAG Oil Ltd.,TSX
TAO.WT,TAG Oil Ltd.,TSX
THO,Tahoe Resources Inc.,TSX
TBL,Taiga Building Products Ltd.,TSX
TLO,Talon Metals Corp.,TSX
TVE,Tamarack Valley Energy Ltd.,TSX
TNX,Tanzanian Royalty Exploration Corporation,TSX
TKO,Taseko Mines Limited,TSX
TOF.UN,Taylor North American Equity Opportunities Fund,TSX
TDB,TD Canadian Aggregate Bond Index ETF,TSX
THE,TD International Equity CAD Hedged Index ETF,TSX
TPE,TD International Equity Index ETF,TSX
THU,TD S&P 500 CAD Hedged Index ETF,TSX
TPU,TD S&P 500 Index ETF,TSX
TTP,TD S&P/TSX Capped Composite Index ETF,TSX
XTD,TDb Split Corp.,TSX
XTD.PR.A,TDb Split Corp.,TSX
TLB,TearLab Corporation,TSX
TLF.UN,Tech Leaders Income Fund,TSX
TECK.A,Teck Resources Limited,TSX
TECK.B,Teck Resources Limited,TSX
TCS,TECSYS Inc.,TSX
TEL,Tellza Inc.,TSX
T,TELUS Corporation,TSX
TPH,Temple Hotels Inc.,TSX
TPH.DB.E,Temple Hotels Inc.,TSX
TPH.DB.F,Temple Hotels Inc.,TSX
TPK,Ten Peaks Coffee Company Inc.,TSX
TGO,TeraGo Inc.,TSX
TGZ,Teranga Gold Corporation,TSX
TVK,TerraVest Capital Inc.,TSX
TVK.DB,TerraVest Capital Inc.,TSX
TPL,Tethys Petroleum Limited,TSX
TFII,TFI International Inc.,TSX
TH,Theratechnologies Inc.,TSX
TRI,Thomson Reuters Corporation,TSX
TRI.PR.B,Thomson Reuters Corporation,TSX
TWM,Tidewater Midstream and Infrastructure Ltd.,TSX
TF,Timbercreek Financial Corp.,TSX
TF.DB,Timbercreek Financial Corp.,TSX
TF.DB.A,Timbercreek Financial Corp.,TSX
TF.DB.B,Timbercreek Financial Corp.,TSX
TF.DB.C,Timbercreek Financial Corp.,TSX
TMD,Titan Medical Inc.,TSX
TMD.WT.C,Titan Medical Inc.,TSX
TMD.WT.F,Titan Medical Inc.,TSX
TMD.WT.G,Titan Medical Inc.,TSX
TMD.WT.H,Titan Medical Inc.,TSX
TMD.WT.I,Titan Medical Inc.,TSX
TI,Titan Mining Corporation,TSX
TMR,TMAC Resources Inc.,TSX
X,TMX Group Limited,TSX
TCT.UN,Top 10 Canadian Financial Trust,TSX
TXT.PR.A,Top 10 Split Trust,TSX
TXT.UN,Top 10 Split Trust,TSX
TUT.UN,Top 20 U.S. Dividend Trust,TSX
TOG,TORC Oil & Gas Ltd.,TSX
TXG,Torex Gold Resources Inc.,TSX
TIH,Toromont Industries Ltd.,TSX
TD,Toronto-Dominion Bank (The),TSX
TD.PF.A,Toronto-Dominion Bank (The),TSX
TD.PF.B,Toronto-Dominion Bank (The),TSX
TD.PF.C,Toronto-Dominion Bank (The),TSX
TD.PF.D,Toronto-Dominion Bank (The),TSX
TD.PF.E,Toronto-Dominion Bank (The),TSX
TD.PF.F,Toronto-Dominion Bank (The),TSX
TD.PF.G,Toronto-Dominion Bank (The),TSX
TD.PF.H,Toronto-Dominion Bank (The),TSX
TD.PF.I,Toronto-Dominion Bank (The),TSX
TD.PR.S,Toronto-Dominion Bank (The),TSX
TD.PR.T,Toronto-Dominion Bank (The),TSX
TD.PR.Y,Toronto-Dominion Bank (The),TSX
TD.PR.Z,Toronto-Dominion Bank (The),TSX
TS.B,Torstar Corporation,TSX
TEI,Toscana Energy Income Corporation,TSX
TEI.DB,Toscana Energy Income Corporation,TSX
TOT,Total Energy Services Inc.,TSX
TXP,Touchstone Exploration Inc.,TSX
TOU,Tourmaline Oil Corp.,TSX
TA,TransAlta Corporation,TSX
TA.PR.D,TransAlta Corporation,TSX
TA.PR.E,TransAlta Corporation,TSX
TA.PR.F,TransAlta Corporation,TSX
TA.PR.H,TransAlta Corporation,TSX
TA.PR.J,TransAlta Corporation,TSX
TRZ,Transat A.T. Inc.,TSX
TNP,TransAtlantic Petroleum Ltd.,TSX
TRP,TransCanada Corporation,TSX
TRP.PR.A,TransCanada Corporation,TSX
TRP.PR.B,TransCanada Corporation,TSX
TRP.PR.C,TransCanada Corporation,TSX
TRP.PR.D,TransCanada Corporation,TSX
TRP.PR.E,TransCanada Corporation,TSX
TRP.PR.F,TransCanada Corporation,TSX
TRP.PR.G,TransCanada Corporation,TSX
TRP.PR.H,TransCanada Corporation,TSX
TRP.PR.I,TransCanada Corporation,TSX
TRP.PR.J,TransCanada Corporation,TSX
TRP.PR.K,TransCanada Corporation,TSX
TCL.A,Transcontinental Inc.,TSX
TCL.B,Transcontinental Inc.,TSX
TGL,TransGlobe Energy Corporation,TSX
TML,Treasury Metals Inc.,TSX
TSL,Tree Island Steel Ltd.,TSX
TV,Trevali Mining Corporation,TSX
TZZ,Trez Capital Mortgage Investment Corporation,TSX
TZS,Trez Capital Senior Mortgage Investment Corporation,TSX
TCW,Trican Well Service Ltd.,TSX
TCN,Tricon Capital Group Inc.,TSX
TCN.DB.A,Tricon Capital Group Inc.,TSX
TCN.DB.U,Tricon Capital Group Inc.,TSX
TRIL,Trillium Therapeutics Inc.,TSX
TRL,Trilogy International Partners Inc.,TSX
TRL.WT,Trilogy International Partners Inc.,TSX
TMQ,Trilogy Metals Inc.,TSX
TMI,TriMetals Mining Inc.,TSX
TMI.B,TriMetals Mining Inc.,TSX
TDG,Trinidad Drilling Ltd.,TSX
TSU,Trisura Group Ltd.,TSX
TNT.UN,True North Commercial Real Estate Investment Trust,TSX
TOS,TSO3 Inc.,TSX
TC,Tucows Inc.,TSX
TRQ,Turquoise Hill Resources Ltd.,TSX
TVA.B,TVA Group Inc.,TSX
TWC,TWC Enterprises Limited,TSX
USF.UN,U.S. Financials Income Fund,TSX
UWE,U3O8 Corp.,TSX
UEX,UEX Corporation,TSX
UNS,Uni-Select Inc.,TSX
UNG.PR.C,Union Gas Limited,TSX
UNG.PR.D,Union Gas Limited,TSX
UNC,United Corporations Limited,TSX
UNC.PR.A,United Corporations Limited,TSX
UNC.PR.B,United Corporations Limited,TSX
UNC.PR.C,United Corporations Limited,TSX
URE,Ur-Energy Inc.,TSX
U,Uranium Participation Corporation,TSX
URB,Urbana Corporation,TSX
URB.A,Urbana Corporation,TSX
UR,UrtheCast Corp.,TSX
UTC.C,Utility Corp.,TSX
UMI,WisdomTree U.S. MidCap Dividend Index ETF,TSX
UMI.B,WisdomTree U.S. MidCap Dividend Index ETF,TSX
VNP,5N Plus Inc.,TSX
VNP.DB,5N Plus Inc.,TSX
VRX,"Valeant Pharmaceuticals International, Inc.",TSX
VNR,Valener Inc.,TSX
VNR.PR.A,Valener Inc.,TSX
VLE,Valeura Energy Inc.,TSX
VBAL,Vanguard Balanced ETF Portfolio,TSX
VAB,Vanguard Canadian Aggregate Bond Index ETF,TSX
VCB,Vanguard Canadian Corporate Bond Index ETF,TSX
VGV,Vanguard Canadian Government Bond Index ETF,TSX
VLB,Vanguard Canadian Long-Term Bond Index ETF,TSX
VSB,Vanguard Canadian Short-Term Bond Index ETF,TSX
VSC,Vanguard Canadian Short-Term Corporate Bond Index ETF,TSX
VSG,Vanguard Canadian Short-Term Government Bond Index ETF,TSX
VCNS,Vanguard Conservative ETF Portfolio,TSX
VCN,Vanguard FTSE Canada All Cap Index ETF,TSX
VCE,Vanguard FTSE Canada Index ETF,TSX
VRE,Vanguard FTSE Canadian Capped REIT Index ETF,TSX
VDY,Vanguard FTSE Canadian High Dividend Yield Index ETF,TSX
VIU,Vanguard FTSE Developed All Cap ex North America Index ETF,TSX
VI,Vanguard FTSE Developed All Cap ex North America Index ETF (CAD-Hedged),TSX
VDU,Vanguard FTSE Developed All Cap Ex U.S. Index ETF,TSX
VEF,Vanguard FTSE Developed All Cap Ex U.S. Index ETF (CAD-hedged),TSX
VA,Vanguard FTSE Developed Asia Pacific All Cap Index ETF,TSX
VAH,Vanguard FTSE Developed Asia Pacific All Cap Index ETF (CAD-hedged),TSX
VE,Vanguard FTSE Developed Europe All Cap Index ETF,TSX
VEH,Vanguard FTSE Developed Europe All Cap Index ETF (CAD-hedged),TSX
VEE,Vanguard FTSE Emerging Markets All Cap Index ETF,TSX
VXC,Vanguard FTSE Global All Cap ex Canada Index ETF,TSX
VBG,Vanguard Global ex-U.S. Aggregate Bond Index ETF (CAD-hedged),TSX
VLQ,Vanguard Global Liquidity Factor ETF,TSX
VVO,Vanguard Global Minimum Volatility ETF,TSX
VMO,Vanguard Global Momentum Factor ETF,TSX
VVL,Vanguard Global Value Factor ETF,TSX
VGRO,Vanguard Growth ETF Portfolio,TSX
VFV,Vanguard S&P 500 Index ETF,TSX
VSP,Vanguard S&P 500 Index ETF (CAD-hedged),TSX
VBU,Vanguard U.S. Aggregate Bond Index ETF (CAD-hedged),TSX
VGG,Vanguard U.S. Dividend Appreciation Index ETF,TSX
VGH,Vanguard U.S. Dividend Appreciation Index ETF (CAD-hedged),TSX
VUN,Vanguard U.S. Total Market Index ETF,TSX
VUS,Vanguard U.S. Total Market Index ETF (CAD-hedged),TSX
VBV,VBI Vaccines Inc.,TSX
VCM,Vecima Networks Inc.,TSX
VLN,Velan Inc.,TSX
VET,Vermilion Energy Inc.,TSX
VB,VersaBank,TSX
VB.PR.A,VersaBank,TSX
VB.PR.B,VersaBank,TSX
VFF,"Village Farms International, Inc.",TSX
VGZ,Vista Gold Corp.,TSX
WJX,Wajax Corporation,TSX
WFC,Wall Financial Corporation,TSX
WM,Wallbridge Mining Company Limited,TSX
WCN,"Waste Connections, Inc.",TSX
WDO,Wesdome Gold Mines Ltd.,TSX
WFT,West Fraser Timber Co. Ltd.,TSX
W.PR.H,Westcoast Energy Inc.,TSX
W.PR.J,Westcoast Energy Inc.,TSX
W.PR.K,Westcoast Energy Inc.,TSX
W.PR.M,Westcoast Energy Inc.,TSX
WRN,Western Copper and Gold Corporation,TSX
WRG,Western Energy Services Corp.,TSX
WEF,Western Forest Products Inc.,TSX
WRX,Western Resources Corp.,TSX
WEQ,WesternOne Inc.,TSX
WEQ.DB,WesternOne Inc.,TSX
WJA,WestJet Airlines Ltd.,TSX
WPRT,Westport Fuel Systems Inc.,TSX
WTE,Westshore Terminals Investment Corporation,TSX
WPM,Wheaton Precious Metals Corp.,TSX
WCP,Whitecap Resources Inc.,TSX
WCM.A,Wilmington Capital Management Inc.,TSX
WCM.B,Wilmington Capital Management Inc.,TSX
WPK,Winpak Ltd.,TSX
WFS,World Financial Split Corp.,TSX
WFS.PR.A,World Financial Split Corp.,TSX
WIR.U,WPT Industrial Real Estate Investment Trust,TSX
WSP,WSP Global Inc.,TSX
XTG,Xtra-Gold Resources Corp.,TSX
XDC,Xtreme Drilling Corp.,TSX
YRI,Yamana Gold Inc.,TSX
YGR,Yangarra Resources Ltd.,TSX
YPG.DB,Yellow Pages Digital & Media Solutions Limited,TSX
Y,Yellow Pages Limited,TSX
Y.WT,Yellow Pages Limited,TSX
YRB,Yorbeau Resources Inc.,TSX
ZAR,Zargon Oil & Gas Ltd.,TSX
ZAR.DB.A,Zargon Oil & Gas Ltd.,TSX
ZCL,ZCL Composites Inc.,TSX
ZYME,Zymeworks Inc.,TSX
